insert into critical_table(id, name, short_name) values(1, 'Slash', 'S'); 
insert into critical_table(id, name, short_name) values(2, 'Puncture', 'P'); 
insert into critical_table(id, name, short_name) values(3, 'Krush', 'K'); 
insert into critical_table(id, name, short_name) values(4, 'Brawling', 'B');

insert into FumbleTable(id, name) values(1, 'Weapon fumble table');

insert into FumbleEntry(id, fumble_group, max_roll, fumbleTable_id, fumble_text) values(1, 'HAND_ARMS_ONE_HANDED', 25, 1, 'Lose you grip and the oppotunity to get in an open blow. Maybe you will improve');
insert into FumbleEntry(id, fumble_group, max_roll, fumbleTable_id, fumble_text) values(2, 'HAND_ARMS_ONE_HANDED', 30, 1, 'Drop you weapon. It will take you 1 round to draw a new one, or 2 rounds to recover old one.');
insert into FumbleEntry(id, fumble_group, max_roll, fumbleTable_id, fumble_text) values(3, 'HAND_ARMS_ONE_HANDED', 40, 1, 'You slip with grace and lose the oppotunity to get in the vital blow.');
insert into FumbleEntry(id, fumble_group, max_roll, fumbleTable_id, fumble_text) values(4, 'HAND_ARMS_ONE_HANDED', 50, 1, 'Bad follow through. You lose you oppotunity and give yourself 1 hit. Real weak.');
insert into FumbleEntry(id, fumble_group, max_roll, fumbleTable_id, fumble_text) values(5, 'HAND_ARMS_ONE_HANDED', 60, 1, 'You slip without grace and lose 2 rounds worth of oppotunities. Good luck Pal.');
insert into FumbleEntry(id, fumble_group, max_roll, fumbleTable_id, fumble_text) values(6, 'HAND_ARMS_ONE_HANDED', 70, 1, 'Lose your grip and juggleyour weapon for 2 rounds. You can still parry.');
insert into FumbleEntry(id, fumble_group, max_roll, fumbleTable_id, fumble_text) values(7, 'HAND_ARMS_ONE_HANDED', 80, 1, 'Lose your grip and juggle your weapon for 2 rounds. Unfortunately, you cannot parry.');
insert into FumbleEntry(id, fumble_group, max_roll, fumbleTable_id, fumble_text) values(8, 'HAND_ARMS_ONE_HANDED', 85, 1, 'You lose your ''wind'' and realise that you should relax and not swing for 2 rounds.');
insert into FumbleEntry(id, fumble_group, max_roll, fumbleTable_id, fumble_text) values(9, 'HAND_ARMS_ONE_HANDED', 90, 1, 'Foe''s smooth moves leave you stunned for 2 rounds. Hopefully, you will learn.');
insert into FumbleEntry(id, fumble_group, max_roll, fumbleTable_id, fumble_text) values(10, 'HAND_ARMS_ONE_HANDED', 95, 1, 'You stumble. The classless display leaves you stunned for 3 rounds. You might still survive.');
insert into FumbleEntry(id, fumble_group, max_roll, fumbleTable_id, fumble_text) values(11, 'HAND_ARMS_ONE_HANDED', 99, 1, 'Swallow toungue in the excitement. You are stunned and unable to parry for 3 rounds.');
insert into FumbleEntry(id, fumble_group, max_roll, fumbleTable_id, fumble_text) values(12, 'HAND_ARMS_ONE_HANDED', 100, 1, 'Bad taste adn poor execution. You attempt to maim yourself. Roll on the ''D'' critical table (slashes).');

insert into FumbleEntry(id, fumble_group, max_roll, fumbleTable_id, fumble_text) values(13, 'HAND_ARMS_TWO_HANDED', 25, 1, 'Lose your grip. You lose the oppotunity to take an open swing.');
insert into FumbleEntry(id, fumble_group, max_roll, fumbleTable_id, fumble_text) values(14, 'HAND_ARMS_TWO_HANDED', 30, 1, 'Drop you weapon. It will take you 2 rounds to draw a new one, or 4 rounds to recover old one.');
insert into FumbleEntry(id, fumble_group, max_roll, fumbleTable_id, fumble_text) values(15, 'HAND_ARMS_TWO_HANDED', 40, 1, 'You slip into fog of mind. You lose 1 round in order to collect your thoughts.');
insert into FumbleEntry(id, fumble_group, max_roll, fumbleTable_id, fumble_text) values(16, 'HAND_ARMS_TWO_HANDED', 50, 1, 'Stumbl over an unseen imaginary deceased turtle. You lose 2 rounds of offensive action but an parry.');
insert into FumbleEntry(id, fumble_group, max_roll, fumbleTable_id, fumble_text) values(17, 'HAND_ARMS_TWO_HANDED', 60, 1, 'Bad move. You lose 2 rounds of open swings. Fortunately, ou can still parry.');
insert into FumbleEntry(id, fumble_group, max_roll, fumbleTable_id, fumble_text) values(18, 'HAND_ARMS_TWO_HANDED', 70, 1, 'Lose your grip and juggle your weapon for 2 rounds. You can still parry.');
insert into FumbleEntry(id, fumble_group, max_roll, fumbleTable_id, fumble_text) values(19, 'HAND_ARMS_TWO_HANDED', 80, 1, 'Very bad move. You are stunned and unable to parry for 2 rounds. Not good.');
insert into FumbleEntry(id, fumble_group, max_roll, fumbleTable_id, fumble_text) values(20, 'HAND_ARMS_TWO_HANDED', 85, 1, 'Lose your grip and juggle your weapon for 3 rounds. You can still parry.');
insert into FumbleEntry(id, fumble_group, max_roll, fumbleTable_id, fumble_text) values(21, 'HAND_ARMS_TWO_HANDED', 90, 1, 'Incredibly bad move. You are stunned and unable to parry for 3 rounds.');
insert into FumbleEntry(id, fumble_group, max_roll, fumbleTable_id, fumble_text) values(22, 'HAND_ARMS_TWO_HANDED', 95, 1, 'You stumble and nearly fall down in an apparent attempt to commit suicide. You are stuned for 4 rounds.');
insert into FumbleEntry(id, fumble_group, max_roll, fumbleTable_id, fumble_text) values(23, 'HAND_ARMS_TWO_HANDED', 99, 1, 'You trip and fall. It will take 4 rounds to recover. You are unable to parry for 3 rounds.');
insert into FumbleEntry(id, fumble_group, max_roll, fumbleTable_id, fumble_text) values(24, 'HAND_ARMS_TWO_HANDED', 100, 1, 'Worst move ever seen in ages. 50% chance you are out 2 days with a pulled groin. 50% chance opponent is out 3 rounds laughing.');

insert into FumbleEntry(id, fumble_group, max_roll, fumbleTable_id, fumble_text) values(25, 'SPEAR_AND_POLE_ARMS', 25, 1, 'Lose your grip. You lose the oppotunity to take an open swing.');
insert into FumbleEntry(id, fumble_group, max_roll, fumbleTable_id, fumble_text) values(26, 'SPEAR_AND_POLE_ARMS', 30, 1, 'Fumble you delivery. You lose the option to attack but you can still parry.');
insert into FumbleEntry(id, fumble_group, max_roll, fumbleTable_id, fumble_text) values(27, 'SPEAR_AND_POLE_ARMS', 40, 1, 'You slip and are stunned for 1 round. All right, you just look clumsy. Try again.');
insert into FumbleEntry(id, fumble_group, max_roll, fumbleTable_id, fumble_text) values(28, 'SPEAR_AND_POLE_ARMS', 50, 1, 'Lose your grip and juggle eapon for 2 rounds. You can still parry. Your next swing is at -10.');
insert into FumbleEntry(id, fumble_group, max_roll, fumbleTable_id, fumble_text) values(29, 'SPEAR_AND_POLE_ARMS', 60, 1, 'You slip and almost fall. You are stunned and unable to parry for 2 rounds.');
insert into FumbleEntry(id, fumble_group, max_roll, fumbleTable_id, fumble_text) values(30, 'SPEAR_AND_POLE_ARMS', 70, 1, 'Lose your grip and juggle weapon for 3 rounds. Your next swing is at -10.');
insert into FumbleEntry(id, fumble_group, max_roll, fumbleTable_id, fumble_text) values(31, 'SPEAR_AND_POLE_ARMS', 80, 1, 'Fumble your follow-through. You lose 3 rounds. You are stunned for 2 rounds.');
insert into FumbleEntry(id, fumble_group, max_roll, fumbleTable_id, fumble_text) values(32, 'SPEAR_AND_POLE_ARMS', 85, 1, 'Clumsy move. You are stunned and unable to parry for 3 rounds.');
insert into FumbleEntry(id, fumble_group, max_roll, fumbleTable_id, fumble_text) values(33, 'SPEAR_AND_POLE_ARMS', 90, 1, 'Drop your weapon. It will take 2 rounds to draw one or 6 rounds to recover old one.');
insert into FumbleEntry(id, fumble_group, max_roll, fumbleTable_id, fumble_text) values(34, 'SPEAR_AND_POLE_ARMS', 95, 1, 'You trip and fall. It will take 4 rounds to recover. You are unable to parry for 3 rounds.');
insert into FumbleEntry(id, fumble_group, max_roll, fumbleTable_id, fumble_text) values(35, 'SPEAR_AND_POLE_ARMS', 99, 1, 'You injure your shoulder. You are stunned and unable to parry for 3 rounds and fight at -25.');
insert into FumbleEntry(id, fumble_group, max_roll, fumbleTable_id, fumble_text) values(36, 'SPEAR_AND_POLE_ARMS', 100, 1, 'You break your weapon and are stunned and unable to parry for 6 rounds.');

insert into FumbleEntry(id, fumble_group, max_roll, fumbleTable_id, fumble_text) values(37, 'MOUNTED_ARMS', 25, 1, 'Lose your grip. You lose the oppotunity to take an open strike.');
insert into FumbleEntry(id, fumble_group, max_roll, fumbleTable_id, fumble_text) values(38, 'MOUNTED_ARMS', 30, 1, 'Fumble you delivery. You lose 2 rounds but can still parry.');
insert into FumbleEntry(id, fumble_group, max_roll, fumbleTable_id, fumble_text) values(39, 'MOUNTED_ARMS', 40, 1, 'You slip and lose your saddle position. You lose 2 rounds but can still parry.');
insert into FumbleEntry(id, fumble_group, max_roll, fumbleTable_id, fumble_text) values(40, 'MOUNTED_ARMS', 50, 1, 'Your mount rears and you are quite stunned for 2 rounds during the recovery.');
insert into FumbleEntry(id, fumble_group, max_roll, fumbleTable_id, fumble_text) values(41, 'MOUNTED_ARMS', 60, 1, 'You lose your grip and fumble y weapon. You are stunned for 3 rounds.');
insert into FumbleEntry(id, fumble_group, max_roll, fumbleTable_id, fumble_text) values(42, 'MOUNTED_ARMS', 70, 1, 'Your poor mount stumbles and you are stunned and unable to parry for 2 rounds.');
insert into FumbleEntry(id, fumble_group, max_roll, fumbleTable_id, fumble_text) values(43, 'MOUNTED_ARMS', 80, 1, 'You break your weapon and lose 2 rounds while drawing a new one.');
insert into FumbleEntry(id, fumble_group, max_roll, fumbleTable_id, fumble_text) values(44, 'MOUNTED_ARMS', 85, 1, 'You drop your weapon in one of your lighter moments. Lose 2 rounds drawing a new one.');
insert into FumbleEntry(id, fumble_group, max_roll, fumbleTable_id, fumble_text) values(45, 'MOUNTED_ARMS', 90, 1, 'You break your weapon and lose 2 rounds drawing a new one. You take 10 hits.');
insert into FumbleEntry(id, fumble_group, max_roll, fumbleTable_id, fumble_text) values(46, 'MOUNTED_ARMS', 95, 1, 'Your seating is improper and you find yrself stunned and unable to parry for 3 rounds.');
insert into FumbleEntry(id, fumble_group, max_roll, fumbleTable_id, fumble_text) values(47, 'MOUNTED_ARMS', 99, 1, 'Your body takes the impact. You take 20 hits. Stunned and unable to parry for 6 rounds.');
insert into FumbleEntry(id, fumble_group, max_roll, fumbleTable_id, fumble_text) values(48, 'MOUNTED_ARMS', 100, 1, 'You fall off of your mount. Role on the ''D'' crush critical strike table.');

insert into FumbleEntry(id, fumble_group, max_roll, fumbleTable_id, fumble_text) values(49, 'THROWN_ARMS', 25, 1, 'Lose you grip. You elect not to attack because of lost control.');
insert into FumbleEntry(id, fumble_group, max_roll, fumbleTable_id, fumble_text) values(50, 'THROWN_ARMS', 30, 1, 'You fumble your delivery and hang onto your weapon. Subtract 10 from your next attack.');
insert into FumbleEntry(id, fumble_group, max_roll, fumbleTable_id, fumble_text) values(51, 'THROWN_ARMS', 40, 1, 'You slip and lose 2 rounds to fully recover. You hold onto weapon and still parry.');
insert into FumbleEntry(id, fumble_group, max_roll, fumbleTable_id, fumble_text) values(52, 'THROWN_ARMS', 50, 1, 'You fumble your weapon after losing your grip. You are stunned for 3 rounds.');
insert into FumbleEntry(id, fumble_group, max_roll, fumbleTable_id, fumble_text) values(53, 'THROWN_ARMS', 60, 1, 'Poor release. Weapon lands harmlessly 20 feet to the left of target.');
insert into FumbleEntry(id, fumble_group, max_roll, fumbleTable_id, fumble_text) values(54, 'THROWN_ARMS', 70, 1, 'Very poor release sends weapon off directly to the left. Reroll if someone lies in the new path.');
insert into FumbleEntry(id, fumble_group, max_roll, fumbleTable_id, fumble_text) values(55, 'THROWN_ARMS', 80, 1, 'You slip and lose 3 rounds to fully recover. You hold onto weapon, but cannot parry.');
insert into FumbleEntry(id, fumble_group, max_roll, fumbleTable_id, fumble_text) values(56, 'THROWN_ARMS', 85, 1, 'You drop your weapon. It will take 2 rounds to draw one or 4 rounds to recover old one.');
insert into FumbleEntry(id, fumble_group, max_roll, fumbleTable_id, fumble_text) values(57, 'THROWN_ARMS', 90, 1, 'You fumble your weapon badly but hang onto it. You are stunned and unable to parry for 6 rounds.');
insert into FumbleEntry(id, fumble_group, max_roll, fumbleTable_id, fumble_text) values(58, 'THROWN_ARMS', 95, 1, 'You let go of weapon too early and send it off 30 feet behind you.');
insert into FumbleEntry(id, fumble_group, max_roll, fumbleTable_id, fumble_text) values(59, 'THROWN_ARMS', 99, 1, 'You fall down. Your shot goes astray. You are stunned for 12 rounds.');
insert into FumbleEntry(id, fumble_group, max_roll, fumbleTable_id, fumble_text) values(60, 'THROWN_ARMS', 100, 1, 'You hit yourself during delivery. Roll on the ''D'' critical strike table (crushes).');

insert into FumbleEntry(id, fumble_group, max_roll, fumbleTable_id, fumble_text) values(61, 'BOWS', 25, 1, 'Lose you grip. You elect not to attack. Good choice.');
insert into FumbleEntry(id, fumble_group, max_roll, fumbleTable_id, fumble_text) values(62, 'BOWS', 30, 1, 'One''s ten thumbs just cannot handle loading. You lose the rounds.');
insert into FumbleEntry(id, fumble_group, max_roll, fumbleTable_id, fumble_text) values(63, 'BOWS', 40, 1, 'You fumble your ammunition. You lose 2 rounds trying to reover. Real weak, kid.');
insert into FumbleEntry(id, fumble_group, max_roll, fumbleTable_id, fumble_text) values(64, 'BOWS', 50, 1, 'Break arrow and lose your cool. You find yourself out of 2 rounds of action.');
insert into FumbleEntry(id, fumble_group, max_roll, fumbleTable_id, fumble_text) values(65, 'BOWS', 60, 1, 'Drop your arrow. You lose 2 rounds reloading. Try hand arms next time.');
insert into FumbleEntry(id, fumble_group, max_roll, fumbleTable_id, fumble_text) values(66, 'BOWS', 70, 1, 'Drop your bow. You lose 2 rounds while retrieving and reloading it.');
insert into FumbleEntry(id, fumble_group, max_roll, fumbleTable_id, fumble_text) values(67, 'BOWS', 80, 1, 'Bowstring breaks. You lose 6 rounds while restringing bow or 2 rounds while drawing a new weapon.');
insert into FumbleEntry(id, fumble_group, max_roll, fumbleTable_id, fumble_text) values(68, 'BOWS', 85, 1, 'You fumble your weapon. You are stunned and quite unable to parry for the next 3 rounds.');
insert into FumbleEntry(id, fumble_group, max_roll, fumbleTable_id, fumble_text) values(69, 'BOWS', 90, 1, 'You let your arrow fly much too soon. You strike 20 feet short of target. You are out 2 rounds.');
insert into FumbleEntry(id, fumble_group, max_roll, fumbleTable_id, fumble_text) values(70, 'BOWS', 95, 1, 'Slip and fall down. You are stunned for 6 rounds, and unable to parry 2 rounds. Your shot goes astray.');
insert into FumbleEntry(id, fumble_group, max_roll, fumbleTable_id, fumble_text) values(71, 'BOWS', 99, 1, 'Break your bow. You are stunned and unable to parry for 4 rounds of action. Good luck, pal.');
insert into FumbleEntry(id, fumble_group, max_roll, fumbleTable_id, fumble_text) values(72, 'BOWS', 100, 1, 'Poor judgement. You let arrow fly and lose an ear. +5 hots. You take 2 hits per round.');


insert into weapon(id, name, fumble, critTable_id, weaponGroup, armorTableLaw, skinModifier, skinFactor, softModifier, softFactor, rigidModifier, rigidFactor, chainModifier, chainFactor, plateModifier, plateFactor) values(0, 'Dagger', 1, 2, 'ONE_HANDED_SLASHING', 'AL', -10, 4.7, -12, 8.2, -20, 8.5, -20, 10.7, -20, 22.9);
insert into weapon(id, name, fumble, critTable_id, weaponGroup, armorTableLaw, skinModifier, skinFactor, softModifier, softFactor, rigidModifier, rigidFactor, chainModifier, chainFactor, plateModifier, plateFactor) values(1, 'Falchion', 5, 1, 'ONE_HANDED_SLASHING', 'AL', 0, 2.3,	-2, 3.3, 4, 3.3, 4, 4.4, 4, 6.4);
insert into weapon(id, name, fumble, critTable_id, weaponGroup, armorTableLaw, skinModifier, skinFactor, softModifier, softFactor, rigidModifier, rigidFactor, chainModifier, chainFactor, plateModifier, plateFactor) values(2, 'Hand axe', 4, 3, 'ONE_HANDED_SLASHING', 'AL', -5, 3.1, -5, 4.5, 3, 4.2, 5, 5.5, 5, 8.5);
insert into weapon(id, name, fumble, critTable_id, weaponGroup, armorTableLaw, skinModifier, skinFactor, softModifier, softFactor, rigidModifier, rigidFactor, chainModifier, chainFactor, plateModifier, plateFactor) values(3, 'Maine Gauche', 2, 2, 'ONE_HANDED_SLASHING', 'AL', -8, 4.4, -10, 7.1, -15, 7.3, -15, 9.1, -15, 16.7);
insert into weapon(id, name, fumble, critTable_id, weaponGroup, armorTableLaw, skinModifier, skinFactor, softModifier, softFactor, rigidModifier, rigidFactor, chainModifier, chainFactor, plateModifier, plateFactor) values(4, 'Scimitar', 4, 1, 'ONE_HANDED_SLASHING', 'AL', -5, 2.5, -5, 3.7, -5, 3.9, -5, 7.7, 0, 13.2);
insert into weapon(id, name, fumble, critTable_id, weaponGroup, armorTableLaw, skinModifier, skinFactor, softModifier, softFactor, rigidModifier, rigidFactor, chainModifier, chainFactor, plateModifier, plateFactor) values(5, 'Rapier', 4, 2, 'ONE_HANDED_SLASHING', 'AL', 10, 5.3, 5, 7.5, -4, 9.1, 0, 10.4, 18, 23.7);
insert into weapon(id, name, fumble, critTable_id, weaponGroup, armorTableLaw, skinModifier, skinFactor, softModifier, softFactor, rigidModifier, rigidFactor, chainModifier, chainFactor, plateModifier, plateFactor) values(6, 'Broadsword', 3, 1, 'ONE_HANDED_SLASHING', 'AL', 0, 2.8, 0, 4.1, 0, 4.4, 0, 6.0, 0, 10.3);
insert into weapon(id, name, fumble, critTable_id, weaponGroup, armorTableLaw, skinModifier, skinFactor, softModifier, softFactor, rigidModifier, rigidFactor, chainModifier, chainFactor, plateModifier, plateFactor) values(7, 'Short Sword', 2, 1, 'ONE_HANDED_SLASHING', 'AL', 5, 3.8, 0, 5.4, -5, 6.4, -10, 8.7, -10, 14.9);
insert into weapon(id, name, fumble, critTable_id, weaponGroup, armorTableLaw, skinModifier, skinFactor, softModifier, softFactor, rigidModifier, rigidFactor, chainModifier, chainFactor, plateModifier, plateFactor) values(8, 'Armored fist', 1, 4, 'ONE_HANDED_CONCUSSION', 'CL', -15, 4.0, -25, 6.0, -30, 5.0, -35, 6.0, -10, 11.0);
insert into weapon(id, name, fumble, critTable_id, weaponGroup, armorTableLaw, skinModifier, skinFactor, softModifier, softFactor, rigidModifier, rigidFactor, chainModifier, chainFactor, plateModifier, plateFactor) values(9, 'Club', 4, 3, 'ONE_HANDED_CONCUSSION', 'AL', -15, 3.9, -15, 5.7, -10, 4.9, -10, 5.7, -5, 10.3);
insert into weapon(id, name, fumble, critTable_id, weaponGroup, armorTableLaw, skinModifier, skinFactor, softModifier, softFactor, rigidModifier, rigidFactor, chainModifier, chainFactor, plateModifier, plateFactor) values(10, 'War Hammer', 4, 3, 'ONE_HANDED_CONCUSSION', 'AL', -5, 3.2, 0, 4.7, 0, 4.2, 10, 5.0, 10, 7.7);
insert into weapon(id, name, fumble, critTable_id, weaponGroup, armorTableLaw, skinModifier, skinFactor, softModifier, softFactor, rigidModifier, rigidFactor, chainModifier, chainFactor, plateModifier, plateFactor) values(11, 'Mace', 2, 3, 'ONE_HANDED_CONCUSSION', 'AL', -5, 3.5, -5, 5.0, 0, 4.9, 5, 5.3, 5, 8.0);
insert into weapon(id, name, fumble, critTable_id, weaponGroup, armorTableLaw, skinModifier, skinFactor, softModifier, softFactor, rigidModifier, rigidFactor, chainModifier, chainFactor, plateModifier, plateFactor) values(12, 'Morning star', 8, 3, 'ONE_HANDED_CONCUSSION', 'AL', 0, 2.5, 0, 3.5, 5, 3.9, 10, 4.6, 10, 6.6);
insert into weapon(id, name, fumble, critTable_id, weaponGroup, armorTableLaw, skinModifier, skinFactor, softModifier, softFactor, rigidModifier, rigidFactor, chainModifier, chainFactor, plateModifier, plateFactor) values(13, 'Whip', 6, 3, 'ONE_HANDED_CONCUSSION', 'AL', -9, 3.9, -10, 8.8, -15, 10.1, -25, 12.2, -25, 32.0);
insert into weapon(id, name, fumble, critTable_id, weaponGroup, armorTableLaw, skinModifier, skinFactor, softModifier, softFactor, rigidModifier, rigidFactor, chainModifier, chainFactor, plateModifier, plateFactor) values(14, 'Bola', 7, 3, 'MISSILE', 'AL', -10, 5.1, -10, 8.0, -10, 4.1, -10, 5.7, -6, 10.1);
insert into weapon(id, name, fumble, critTable_id, weaponGroup, armorTableLaw, skinModifier, skinFactor, softModifier, softFactor, rigidModifier, rigidFactor, chainModifier, chainFactor, plateModifier, plateFactor) values(15, 'Composite bow', 4, 2, 'MISSILE', 'AL', -9, 2.9, 1, 3.4, -2, 3.0, 10, 3.5, 5, 6.4);
insert into weapon(id, name, fumble, critTable_id, weaponGroup, armorTableLaw, skinModifier, skinFactor, softModifier, softFactor, rigidModifier, rigidFactor, chainModifier, chainFactor, plateModifier, plateFactor) values(16, 'Heavy crossbow', 5, 2, 'MISSILE', 'AL', -2, 2.3, 6, 3.1, 4, 2.6, 15, 3.5, 10, 5.8);
insert into weapon(id, name, fumble, critTable_id, weaponGroup, armorTableLaw, skinModifier, skinFactor, softModifier, softFactor, rigidModifier, rigidFactor, chainModifier, chainFactor, plateModifier, plateFactor) values(17, 'Light crossbow', 5, 2, 'MISSILE', 'AL', -7, 2.8, -3, 3.4, -2, 3.1, 3, 3.7, 0, 7.1);
insert into weapon(id, name, fumble, critTable_id, weaponGroup, armorTableLaw, skinModifier, skinFactor, softModifier, softFactor, rigidModifier, rigidFactor, chainModifier, chainFactor, plateModifier, plateFactor) values(18, 'Long bow', 5, 2, 'MISSILE', 'AL', -3, 2.6, 3, 3.2, 1, 2.9, 13, 3.3, 8, 5.8);
insert into weapon(id, name, fumble, critTable_id, weaponGroup, armorTableLaw, skinModifier, skinFactor, softModifier, softFactor, rigidModifier, rigidFactor, chainModifier, chainFactor, plateModifier, plateFactor) values(19, 'Short bow', 4, 2, 'MISSILE', 'AL', -12, 3.1, -4, 4.3, -11, 3.6, 0, 4.0, 0, 9.9);
insert into weapon(id, name, fumble, critTable_id, weaponGroup, armorTableLaw, skinModifier, skinFactor, softModifier, softFactor, rigidModifier, rigidFactor, chainModifier, chainFactor, plateModifier, plateFactor) values(20, 'Sling', 6, 3, 'MISSILE', 'AL', -12, 2.5, -15, 3.9, -6, 3.4, -5, 4.3, 0, 6.7);
insert into weapon(id, name, fumble, critTable_id, weaponGroup, armorTableLaw, skinModifier, skinFactor, softModifier, softFactor, rigidModifier, rigidFactor, chainModifier, chainFactor, plateModifier, plateFactor) values(21, 'Battle axe', 5, 1, 'TWO_HANDED', 'AL', 0, 1.5, 3, 2.3, 6, 2.0, 13, 2.6, 13, 4.6);
insert into weapon(id, name, fumble, critTable_id, weaponGroup, armorTableLaw, skinModifier, skinFactor, softModifier, softFactor, rigidModifier, rigidFactor, chainModifier, chainFactor, plateModifier, plateFactor) values(22, 'Flail', 8, 3, 'TWO_HANDED', 'AL', 4, 1.8, 6, 2.4, 10, 2.6, 13, 3.3, 13, 4.5);
insert into weapon(id, name, fumble, critTable_id, weaponGroup, armorTableLaw, skinModifier, skinFactor, softModifier, softFactor, rigidModifier, rigidFactor, chainModifier, chainFactor, plateModifier, plateFactor) values(23, 'War mattock', 6, 3, 'TWO_HANDED', 'AL', 0, 1.7, 3, 2.2, 6, 2.2, 15, 2.7, 18, 3.6);
insert into weapon(id, name, fumble, critTable_id, weaponGroup, armorTableLaw, skinModifier, skinFactor, softModifier, softFactor, rigidModifier, rigidFactor, chainModifier, chainFactor, plateModifier, plateFactor) values(24, 'Quarterstaff', 3, 3, 'TWO_HANDED', 'AL', -15, 2.8, -12, 3.7, -12, 4.5, -12, 6.1, -15, 9.2);
insert into weapon(id, name, fumble, critTable_id, weaponGroup, armorTableLaw, skinModifier, skinFactor, softModifier, softFactor, rigidModifier, rigidFactor, chainModifier, chainFactor, plateModifier, plateFactor) values(25, 'Two-handed sword', 5, 1, 'TWO_HANDED', 'AL', 5, 1.6, 6, 2.1, 8, 2.0, 10, 2.8, 10, 4.7);
insert into weapon(id, name, fumble, critTable_id, weaponGroup, armorTableLaw, skinModifier, skinFactor, softModifier, softFactor, rigidModifier, rigidFactor, chainModifier, chainFactor, plateModifier, plateFactor) values(26, 'Javelin', 4, 2, 'POLE_ARM', 'AL', -6, 3.3, -6, 4.3, -6, 3.7, -7, 5.2, -10, 11.4);
insert into weapon(id, name, fumble, critTable_id, weaponGroup, armorTableLaw, skinModifier, skinFactor, softModifier, softFactor, rigidModifier, rigidFactor, chainModifier, chainFactor, plateModifier, plateFactor) values(27, 'Lance', 7, 2, 'POLE_ARM', 'AL', 0, 1.4, 4, 1.9, 5, 1.8, 17, 2.1, 20, 2.8);
insert into weapon(id, name, fumble, critTable_id, weaponGroup, armorTableLaw, skinModifier, skinFactor, softModifier, softFactor, rigidModifier, rigidFactor, chainModifier, chainFactor, plateModifier, plateFactor) values(28, 'Pole arm', 7, 2, 'POLE_ARM', 'AL', -2, 1.8, -2, 2.5, -1, 2.5, 0, 3.3, 0, 5.2);
insert into weapon(id, name, fumble, critTable_id, weaponGroup, armorTableLaw, skinModifier, skinFactor, softModifier, softFactor, rigidModifier, rigidFactor, chainModifier, chainFactor, plateModifier, plateFactor) values(29, 'Spear', 5, 2, 'POLE_ARM', 'AL', -4, 2.8, -5, 4.0, 0, 3.6, 3, 4.7, -4, 10.5);

insert into weapon_range(id, obModifier, from_distance, to_distance, weapon_id) values(1, -10, 1, 10, 0);
insert into weapon_range(id, obModifier, from_distance, to_distance, weapon_id) values(2, -20, 11, 25, 0);
insert into weapon_range(id, obModifier, from_distance, to_distance, weapon_id) values(3, -30, 26, 50, 0);
insert into weapon_range(id, obModifier, from_distance, to_distance, weapon_id) values(4, -15, 1, 10, 2);
insert into weapon_range(id, obModifier, from_distance, to_distance, weapon_id) values(5, -30, 11, 25, 2);
insert into weapon_range(id, obModifier, from_distance, to_distance, weapon_id) values(6, -45, 26, 50, 2);
insert into weapon_range(id, obModifier, from_distance, to_distance, weapon_id) values(7, -90, 51, 100, 2);
insert into weapon_range(id, obModifier, from_distance, to_distance, weapon_id) values(8, -15, 1, 10, 3);
insert into weapon_range(id, obModifier, from_distance, to_distance, weapon_id) values(9, -30, 1, 10, 7);
insert into weapon_range(id, obModifier, from_distance, to_distance, weapon_id) values(10, -40, 1, 10, 9);
insert into weapon_range(id, obModifier, from_distance, to_distance, weapon_id) values(11, -20, 1, 10, 10);
insert into weapon_range(id, obModifier, from_distance, to_distance, weapon_id) values(12, -40, 11, 25, 10);
insert into weapon_range(id, obModifier, from_distance, to_distance, weapon_id) values(13, -60, 26, 50, 10);
insert into weapon_range(id, obModifier, from_distance, to_distance, weapon_id) values(14, -35, 1, 10, 11);
insert into weapon_range(id, obModifier, from_distance, to_distance, weapon_id) values(15, 0, 1, 50, 14);
insert into weapon_range(id, obModifier, from_distance, to_distance, weapon_id) values(16, -20, 51, 100, 14);
insert into weapon_range(id, obModifier, from_distance, to_distance, weapon_id) values(17, -40, 101, 150, 14);
insert into weapon_range(id, obModifier, from_distance, to_distance, weapon_id) values(18, 25, 1, 10, 15);
insert into weapon_range(id, obModifier, from_distance, to_distance, weapon_id) values(19, 0, 11, 100, 15);
insert into weapon_range(id, obModifier, from_distance, to_distance, weapon_id) values(20, -35, 101, 200, 15);
insert into weapon_range(id, obModifier, from_distance, to_distance, weapon_id) values(21, -60, 201, 300, 15);
insert into weapon_range(id, obModifier, from_distance, to_distance, weapon_id) values(22, 30, 1, 20, 16);
insert into weapon_range(id, obModifier, from_distance, to_distance, weapon_id) values(23, 0, 21, 100, 16);
insert into weapon_range(id, obModifier, from_distance, to_distance, weapon_id) values(24, -25, 101, 200, 16);
insert into weapon_range(id, obModifier, from_distance, to_distance, weapon_id) values(25, -40, 201, 300, 16);
insert into weapon_range(id, obModifier, from_distance, to_distance, weapon_id) values(26, -55, 301, 360, 16);
insert into weapon_range(id, obModifier, from_distance, to_distance, weapon_id) values(27, 15, 1, 10, 17);
insert into weapon_range(id, obModifier, from_distance, to_distance, weapon_id) values(28, 0, 11, 100, 17);
insert into weapon_range(id, obModifier, from_distance, to_distance, weapon_id) values(29, -35, 101, 200, 17);
insert into weapon_range(id, obModifier, from_distance, to_distance, weapon_id) values(30, -50, 201, 300, 17);
insert into weapon_range(id, obModifier, from_distance, to_distance, weapon_id) values(31, -75, 301, 360, 17);
insert into weapon_range(id, obModifier, from_distance, to_distance, weapon_id) values(32, 20, 1, 10, 18);
insert into weapon_range(id, obModifier, from_distance, to_distance, weapon_id) values(33, 0, 11, 100, 18);
insert into weapon_range(id, obModifier, from_distance, to_distance, weapon_id) values(34, -30, 101, 200, 18);
insert into weapon_range(id, obModifier, from_distance, to_distance, weapon_id) values(35, -40, 201, 300, 18);
insert into weapon_range(id, obModifier, from_distance, to_distance, weapon_id) values(36, -50, 301, 400, 18);
insert into weapon_range(id, obModifier, from_distance, to_distance, weapon_id) values(37, 10, 1, 10, 19);
insert into weapon_range(id, obModifier, from_distance, to_distance, weapon_id) values(38, 0, 11, 100, 19);
insert into weapon_range(id, obModifier, from_distance, to_distance, weapon_id) values(39, -40, 101, 180, 19);
insert into weapon_range(id, obModifier, from_distance, to_distance, weapon_id) values(40, -70, 181, 240, 19);
insert into weapon_range(id, obModifier, from_distance, to_distance, weapon_id) values(41, 15, 1, 10, 20);
insert into weapon_range(id, obModifier, from_distance, to_distance, weapon_id) values(42, 0, 11, 60, 20);
insert into weapon_range(id, obModifier, from_distance, to_distance, weapon_id) values(43, -40, 61, 120, 20);
insert into weapon_range(id, obModifier, from_distance, to_distance, weapon_id) values(44, -65, 121, 180, 20);
insert into weapon_range(id, obModifier, from_distance, to_distance, weapon_id) values(45, -10, 1, 10, 29);
insert into weapon_range(id, obModifier, from_distance, to_distance, weapon_id) values(46, -20, 11, 25, 29);
insert into weapon_range(id, obModifier, from_distance, to_distance, weapon_id) values(47, -30, 26, 50, 29);

insert into ArmorDBModTable(id, law, at, mod) values(1, 'AL', 1, 15);
insert into ArmorDBModTable(id, law, at, mod) values(2, 'AL', 2, 5);
insert into ArmorDBModTable(id, law, at, mod) values(3, 'AL', 3, 19);
insert into ArmorDBModTable(id, law, at, mod) values(4, 'AL', 4, 23);
insert into ArmorDBModTable(id, law, at, mod) values(5, 'AL', 5, 0);
insert into ArmorDBModTable(id, law, at, mod) values(6, 'AL', 6, 3);
insert into ArmorDBModTable(id, law, at, mod) values(7, 'AL', 7, 7);
insert into ArmorDBModTable(id, law, at, mod) values(8, 'AL', 8, 12);
insert into ArmorDBModTable(id, law, at, mod) values(9, 'AL', 9, 5);
insert into ArmorDBModTable(id, law, at, mod) values(10, 'AL', 10, 13);
insert into ArmorDBModTable(id, law, at, mod) values(11, 'AL', 11, 18);
insert into ArmorDBModTable(id, law, at, mod) values(12, 'AL', 12, 22);
insert into ArmorDBModTable(id, law, at, mod) values(13, 'AL', 13, 15);
insert into ArmorDBModTable(id, law, at, mod) values(14, 'AL', 14, 25);
insert into ArmorDBModTable(id, law, at, mod) values(15, 'AL', 15, 30);
insert into ArmorDBModTable(id, law, at, mod) values(16, 'AL', 16, 35);
insert into ArmorDBModTable(id, law, at, mod) values(17, 'AL', 17, 26);
insert into ArmorDBModTable(id, law, at, mod) values(18, 'AL', 18, 35);
insert into ArmorDBModTable(id, law, at, mod) values(19, 'AL', 19, 45);
insert into ArmorDBModTable(id, law, at, mod) values(20, 'AL', 20, 50);
insert into ArmorDBModTable(id, law, at, mod) values(21, 'SL', 1, 2);
insert into ArmorDBModTable(id, law, at, mod) values(22, 'SL', 2, 0);
insert into ArmorDBModTable(id, law, at, mod) values(23, 'SL', 3, 12);
insert into ArmorDBModTable(id, law, at, mod) values(24, 'SL', 4, 16);
insert into ArmorDBModTable(id, law, at, mod) values(25, 'SL', 5, 11);
insert into ArmorDBModTable(id, law, at, mod) values(26, 'SL', 6, 16);
insert into ArmorDBModTable(id, law, at, mod) values(27, 'SL', 7, 21);
insert into ArmorDBModTable(id, law, at, mod) values(28, 'SL', 8, 19);
insert into ArmorDBModTable(id, law, at, mod) values(29, 'SL', 9, 12);
insert into ArmorDBModTable(id, law, at, mod) values(30, 'SL', 10, 19);
insert into ArmorDBModTable(id, law, at, mod) values(31, 'SL', 11, 24);
insert into ArmorDBModTable(id, law, at, mod) values(32, 'SL', 12, 29);
insert into ArmorDBModTable(id, law, at, mod) values(33, 'SL', 13, 13);
insert into ArmorDBModTable(id, law, at, mod) values(34, 'SL', 14, 16);
insert into ArmorDBModTable(id, law, at, mod) values(35, 'SL', 15, 23);
insert into ArmorDBModTable(id, law, at, mod) values(36, 'SL', 16, 24);
insert into ArmorDBModTable(id, law, at, mod) values(37, 'SL', 17, 12);
insert into ArmorDBModTable(id, law, at, mod) values(38, 'SL', 18, 15);
insert into ArmorDBModTable(id, law, at, mod) values(39, 'SL', 19, 23);
insert into ArmorDBModTable(id, law, at, mod) values(40, 'SL', 20, 28);
insert into ArmorDBModTable(id, law, at, mod) values(41, 'CL', 1, 0);
insert into ArmorDBModTable(id, law, at, mod) values(42, 'CL', 2, 4);
insert into ArmorDBModTable(id, law, at, mod) values(43, 'CL', 3, 16);
insert into ArmorDBModTable(id, law, at, mod) values(44, 'CL', 4, 25);
insert into ArmorDBModTable(id, law, at, mod) values(45, 'CL', 5, 11);
insert into ArmorDBModTable(id, law, at, mod) values(46, 'CL', 6, 15);
insert into ArmorDBModTable(id, law, at, mod) values(47, 'CL', 7, 22);
insert into ArmorDBModTable(id, law, at, mod) values(48, 'CL', 8, 24);
insert into ArmorDBModTable(id, law, at, mod) values(49, 'CL', 9, 22);
insert into ArmorDBModTable(id, law, at, mod) values(50, 'CL', 10, 30);
insert into ArmorDBModTable(id, law, at, mod) values(51, 'CL', 11, 37);
insert into ArmorDBModTable(id, law, at, mod) values(52, 'CL', 12, 44);
insert into ArmorDBModTable(id, law, at, mod) values(53, 'CL', 13, 23);
insert into ArmorDBModTable(id, law, at, mod) values(54, 'CL', 14, 31);
insert into ArmorDBModTable(id, law, at, mod) values(55, 'CL', 15, 37);
insert into ArmorDBModTable(id, law, at, mod) values(56, 'CL', 16, 38);
insert into ArmorDBModTable(id, law, at, mod) values(57, 'CL', 17, 29);
insert into ArmorDBModTable(id, law, at, mod) values(58, 'CL', 18, 36);
insert into ArmorDBModTable(id, law, at, mod) values(59, 'CL', 19, 41);
insert into ArmorDBModTable(id, law, at, mod) values(60, 'CL', 20, 48);
insert into ArmorDBModTable(id, law, at, mod) values(61, 'RSL', 1, 13);
insert into ArmorDBModTable(id, law, at, mod) values(62, 'RSL', 2, 3);
insert into ArmorDBModTable(id, law, at, mod) values(63, 'RSL', 3, 18);
insert into ArmorDBModTable(id, law, at, mod) values(64, 'RSL', 4, 25);
insert into ArmorDBModTable(id, law, at, mod) values(65, 'RSL', 5, 18);
insert into ArmorDBModTable(id, law, at, mod) values(66, 'RSL', 6, 17);
insert into ArmorDBModTable(id, law, at, mod) values(67, 'RSL', 7, 17);
insert into ArmorDBModTable(id, law, at, mod) values(68, 'RSL', 8, 15);
insert into ArmorDBModTable(id, law, at, mod) values(69, 'RSL', 9, 22);
insert into ArmorDBModTable(id, law, at, mod) values(70, 'RSL', 10, 27);
insert into ArmorDBModTable(id, law, at, mod) values(71, 'RSL', 11, 28);
insert into ArmorDBModTable(id, law, at, mod) values(72, 'RSL', 12, 25);
insert into ArmorDBModTable(id, law, at, mod) values(73, 'RSL', 13, 20);
insert into ArmorDBModTable(id, law, at, mod) values(74, 'RSL', 14, 15);
insert into ArmorDBModTable(id, law, at, mod) values(75, 'RSL', 15, 10);
insert into ArmorDBModTable(id, law, at, mod) values(76, 'RSL', 16, 7);
insert into ArmorDBModTable(id, law, at, mod) values(77, 'RSL', 17, 17);
insert into ArmorDBModTable(id, law, at, mod) values(78, 'RSL', 18, 12);
insert into ArmorDBModTable(id, law, at, mod) values(79, 'RSL', 19, 5);
insert into ArmorDBModTable(id, law, at, mod) values(80, 'RSL', 20, 0);
insert into ArmorDBModTable(id, law, at, mod) values(81, 'RCL', 1, 38);
insert into ArmorDBModTable(id, law, at, mod) values(82, 'RCL', 2, 25);
insert into ArmorDBModTable(id, law, at, mod) values(83, 'RCL', 3, 33);
insert into ArmorDBModTable(id, law, at, mod) values(84, 'RCL', 4, 29);
insert into ArmorDBModTable(id, law, at, mod) values(85, 'RCL', 5, 29);
insert into ArmorDBModTable(id, law, at, mod) values(86, 'RCL', 6, 23);
insert into ArmorDBModTable(id, law, at, mod) values(87, 'RCL', 7, 15);
insert into ArmorDBModTable(id, law, at, mod) values(88, 'RCL', 8, 10);
insert into ArmorDBModTable(id, law, at, mod) values(89, 'RCL', 9, 21);
insert into ArmorDBModTable(id, law, at, mod) values(90, 'RCL', 10, 18);
insert into ArmorDBModTable(id, law, at, mod) values(91, 'RCL', 11, 12);
insert into ArmorDBModTable(id, law, at, mod) values(92, 'RCL', 12, 8);
insert into ArmorDBModTable(id, law, at, mod) values(93, 'RCL', 13, 17);
insert into ArmorDBModTable(id, law, at, mod) values(94, 'RCL', 14, 14);
insert into ArmorDBModTable(id, law, at, mod) values(95, 'RCL', 15, 7);
insert into ArmorDBModTable(id, law, at, mod) values(96, 'RCL', 16, 4);
insert into ArmorDBModTable(id, law, at, mod) values(97, 'RCL', 17, 11);
insert into ArmorDBModTable(id, law, at, mod) values(98, 'RCL', 18, 8);
insert into ArmorDBModTable(id, law, at, mod) values(99, 'RCL', 19, 4);
insert into ArmorDBModTable(id, law, at, mod) values(100, 'RCL', 20, 0);


insert into CriticalEntry(id, criticalTable_id, max_roll, severity, crit_text) values(1, 1, 5, 'A', 'Weak strike.');
insert into CriticalEntry(id, criticalTable_id, max_roll, severity, hits, crit_text) values(2, 1, 10, 'A', 1, 'Good form, but it disappoints.');
insert into CriticalEntry(id, criticalTable_id, max_roll, severity, hits, crit_text) values(3, 1, 15, 'A', 1, 'Blade misses foes face by inches.  You receive initiative next round.');
insert into CriticalEntry(id, criticalTable_id, max_roll, severity, hits, must_parry_rounds, crit_text) values(4, 1, 20, 'A', 1, 1, 'Strike passes under foes arm.  It fails to bite deep.  He recoils.');
insert into CriticalEntry(id, criticalTable_id, max_roll, severity, hits, must_parry_rounds, bonus, crit_text) values(5, 1, 35, 'A', 2, 1, 10, 'Foes evasion puts him out of an aggressive posture.');
insert into CriticalEntry(id, criticalTable_id, max_roll, severity, bleed, crit_text) values(6, 1, 45, 'A', 1, 'Minor thigh wound.  Cut foe with the smallest of slashes.');
insert into CriticalEntry(id, criticalTable_id, max_roll, severity, hits, must_parry_rounds, crit_text) values(7, 1, 50, 'A', 2, 1, 'Blow to foes back.  Foe attempts to ward you off with a wild swing.  ');
insert into CriticalEntry(id, criticalTable_id, max_roll, severity, hits, must_parry_rounds, bleed, crit_text) values(8, 1, 55, 'A', 2, 1, 1, 'Blow to foes chest.  Foe stumbles back and puts up a feeble guard.');
insert into CriticalEntry(id, criticalTable_id, max_roll, severity, hits, must_parry_rounds, bleed, crit_text) values(9, 1, 60, 'A', 2, 1, 2, 'You recover from you rinitial swing and bring edge across foes thigh.');
insert into CriticalEntry(id, criticalTable_id, max_roll, severity, hits, bleed, penalty, crit_text) values(10, 1, 65, 'A', 3, 2, -10, 'You feign high and strike low.  Slash foe in back of upper leg.');
insert into CriticalEntry(id, criticalTable_id, max_roll, severity, hits, stun, bonus, crit_text) values(11, 1, 66, 'A', 9, 3, 10, 'Foe blocks your attack with his shield arm.  Shoulder is broken and arm is useless.  You have initiative.');
insert into CriticalEntry(id, criticalTable_id, max_roll, severity, hits, stun, cannot_parry_rounds, crit_text) values(12, 1, 70, 'A', 6, 3, 1, 'Strike lands close against foes neck.  Foe is horrified.');
insert into CriticalEntry(id, criticalTable_id, max_roll, severity, hits, stun, bleed, penalty, crit_text) values(13, 1, 75, 'A', 4, 2, 2, -30, 'Blow falls on lower leg.  Slash tendons.  Poor sucker.');
insert into CriticalEntry(id, criticalTable_id, max_roll, severity, hits, stun, cannot_parry_rounds, bleed, penalty, crit_text) values(14, 1, 80, 'A', 5, 2, 2, 3, -25, 'Foe goes low, but you still catch his upper arm.  It’s a bleeder.');
insert into CriticalEntry(id, criticalTable_id, max_roll, severity, hits, stun, bleed, bonus, crit_text) values(15, 1, 85, 'A', 6, 5, 6, 20, 'Foe steps right into your swing.  You make a large wound.');
insert into CriticalEntry(id, criticalTable_id, max_roll, severity, hits, stun, cannot_parry_rounds, bleed, penalty, crit_text) values(16, 1, 90, 'A', 8, 2, 2, 2, -10, 'Foe turns out and away from your swing.  You still catch his side.');
insert into CriticalEntry(id, criticalTable_id, max_roll, severity, hits, stun, cannot_parry_rounds, crit_text) values(17, 1, 95, 'A', 3, 2, 2, 'Blow to foes head.  If no helmet: cut off foes ear (all hearing ability is halved), stunned for additional round and is bleeding 3hp/rnd.');
insert into CriticalEntry(id, criticalTable_id, max_roll, severity, hits, stun, bleed, penalty, crit_text) values(18, 1, 99, 'A', 2, 6, 2, -30, 'The tip of your weapon slashes foes nose.  Minor wound and a permanent scar.');
insert into CriticalEntry(id, criticalTable_id, max_roll, severity, crit_text) values(19, 1, 100, 'A', 'Strike severs cartoid artery and jugular vein, breaking foes neck.  Foe dies in 6 rounds of agony.');
insert into CriticalEntry(id, criticalTable_id, max_roll, severity, crit_text) values(20, 1, 5, 'B', 'Feeble strike falls clear of target.');
insert into CriticalEntry(id, criticalTable_id, max_roll, severity, hits, crit_text) values(21, 1, 10, 'B', 2, 'Hard strike with no edge.  Foe Steps clear before you sort it out.');
insert into CriticalEntry(id, criticalTable_id, max_roll, severity, hits, crit_text) values(22, 1, 15, 'B', 3, 'Foe steps quickly out of your reach.  You receive initiative next round.  ');
insert into CriticalEntry(id, criticalTable_id, max_roll, severity, hits, must_parry_rounds, crit_text) values(23, 1, 20, 'B', 2, 1, 'Blow to foes side.  Foe defends energetically.  Foe must parry next round at -10.');
insert into CriticalEntry(id, criticalTable_id, max_roll, severity, hits, must_parry_rounds, crit_text) values(24, 1, 35, 'B', 2, 1, 'Foe is shaken by your blow to his side.  His defensive measure look clumsy.');
insert into CriticalEntry(id, criticalTable_id, max_roll, severity, hits, must_parry_rounds, crit_text) values(25, 1, 45, 'B', 2, 1, 'Strike foe in shin.  No greaves: you slash open foes shin and he bleeds for 1 hp per round.');
insert into CriticalEntry(id, criticalTable_id, max_roll, severity, hits, must_parry_rounds, crit_text) values(26, 1, 50, 'B', 4, 1, 'Foe twists oddly to avoid your attack.  Blow strikes foes back.');
insert into CriticalEntry(id, criticalTable_id, max_roll, severity, hits, must_parry_rounds, crit_text) values(27, 1, 55, 'B', 3, 1, 'Quality strike.  Minor chest wound.  With armor: he only staggers.  No armor: the wound is effective causing an additional round of parry, bleeding for 1hp/rnd, and fights at -5.');
insert into CriticalEntry(id, criticalTable_id, max_roll, severity, hits, must_parry_rounds, bleed, crit_text) values(28, 1, 60, 'B', 4, 2, 2, 'Edge makes contact well enough.  Minor thigh wound.');
insert into CriticalEntry(id, criticalTable_id, max_roll, severity, hits, stun, bleed, penalty, crit_text) values(29, 1, 65, 'B', 4, 1, 2, -10, 'Nick foe in his forearm.  Wound bleeds surprisingly strongly.');
insert into CriticalEntry(id, criticalTable_id, max_roll, severity, hits, stun, cannot_parry_rounds, crit_text) values(30, 1, 66, 'B', 8, 4, 2, 'Your strike misses torso and breaks foes elbow.  Foe drops his weapon and his weapon arm is useless.');
insert into CriticalEntry(id, criticalTable_id, max_roll, severity, hits, stun, bleed, penalty, crit_text) values(31, 1, 70, 'B', 7, 2, 3, -5, 'Your attempt to behead foe almost works,  Neck strike.  Foe is not happy.');
insert into CriticalEntry(id, criticalTable_id, max_roll, severity, hits, stun, cannot_parry_rounds, penalty, crit_text) values(32, 1, 75, 'B', 6, 3, 1, -40, 'Slash muscle in foes calf.  Foe is in too much pain to regain footing quickly.');
insert into CriticalEntry(id, criticalTable_id, max_roll, severity, hits, stun, cannot_parry_rounds, bleed, penalty, crit_text) values(33, 1, 80, 'B', 6, 2, 2, 3, -30, 'Foe moves his shield arm too slowly.  You gladly slash his arm.');
insert into CriticalEntry(id, criticalTable_id, max_roll, severity, hits, stun, cannot_parry_rounds, bleed, crit_text) values(34, 1, 85, 'B', 7, 2, 2, 6, 'Your edge bites half its width into foe.  Open up a terrible wound.  Blood goes everywhere.');
insert into CriticalEntry(id, criticalTable_id, max_roll, severity, hits, stun, cannot_parry_rounds, bleed, crit_text) values(35, 1, 90, 'B', 10, 3, 3, 3, 'Strike to back.  Foe goes prone trying to avoid your strike.  He gets up facing the wrong direction.');
insert into CriticalEntry(id, criticalTable_id, max_roll, severity, hits, stun, cannot_parry_rounds, penalty, bonus, crit_text) values(36, 1, 95, 'B', 7, 3, 1, -20, 10, 'Strike to foes hip.  The blow has little edge, but much impact.  Your blow staggers foe.  His recovery is slow.');
insert into CriticalEntry(id, criticalTable_id, max_roll, severity, hits, crit_text) values(37, 1, 99, 'B', 20, 'Strike to foes head breaks skull and causes massive brain damage.  Foe drops and dies in 6 rounds.');
insert into CriticalEntry(id, criticalTable_id, max_roll, severity, bonus, crit_text) values(38, 1, 100, 'B', 10, 'Disembowel foe, killing him stantly.  25% chance your weapon is stuck in opponent for 1 round.');
insert into CriticalEntry(id, criticalTable_id, max_roll, severity, hits, crit_text) values(39, 1, 5, 'C', 1, 'Firm shot.  Good recovery.  Try again');
insert into CriticalEntry(id, criticalTable_id, max_roll, severity, hits, crit_text) values(40, 1, 10, 'C', 3, 'Strike foe with more force than edge.');
insert into CriticalEntry(id, criticalTable_id, max_roll, severity, hits, crit_text) values(41, 1, 15, 'C', 6, 'Blow to foes side yields the initiative to you next round.');
insert into CriticalEntry(id, criticalTable_id, max_roll, severity, hits, must_parry_rounds, crit_text) values(42, 1, 20, 'C', 4, 1, 'Your assault catches foe in side and forces him back 5 feet.');
insert into CriticalEntry(id, criticalTable_id, max_roll, severity, hits, stun, crit_text) values(43, 1, 35, 'C', 3, 1, 'You break foes rib with a lightning strike to his chest.  He recovers quickly.  His shield side still faces you.');
insert into CriticalEntry(id, criticalTable_id, max_roll, severity, hits, bleed, crit_text) values(44, 1, 45, 'C', 2, 2, 'The blow does nothing more than open a wide cut in foe.');
insert into CriticalEntry(id, criticalTable_id, max_roll, severity, hits, stun, cannot_parry_rounds, bleed, crit_text) values(45, 1, 50, 'C', 3, 1, 1, 1, 'Blow to foes back.  Foe twists out of it and you turn your weapon to magnify the wound.  Foe yells out.');
insert into CriticalEntry(id, criticalTable_id, max_roll, severity, hits, must_parry_rounds, bleed, penalty, crit_text) values(46, 1, 55, 'C', 4, 1, 2, -10, 'Blow lands solidly upon foes chest.  You get some slashing action, but not a mortal wound.');
insert into CriticalEntry(id, criticalTable_id, max_roll, severity, hits, stun, bleed, crit_text) values(47, 1, 60, 'C', 5, 1, 2, 'Strike to side slips down onto foes thigh.  The wound is effective.');
insert into CriticalEntry(id, criticalTable_id, max_roll, severity, hits, stun, bleed, penalty, crit_text) values(48, 1, 65, 'C', 4, 1, 3, -10, 'Catch part of foes forearm.  You make a long slice in foes arm.');
insert into CriticalEntry(id, criticalTable_id, max_roll, severity, hits, cannot_parry_rounds, penalty, crit_text) values(49, 1, 66, 'C', 6, 3, -90, 'Your swing falls short when foes leaps back.  You shatter foes knee.  Foe is knocked down.');
insert into CriticalEntry(id, criticalTable_id, max_roll, severity, hits, stun, cannot_parry_rounds, bonus, crit_text) values(50, 1, 70, 'C', 8, 4, 2, 10, 'Slash foes neck.  Your weapon cuts neck garments (and armor) free.');
insert into CriticalEntry(id, criticalTable_id, max_roll, severity, hits, stun, cannot_parry_rounds, penalty, crit_text) values(51, 1, 75, 'C', 7, 2, 2, -45, 'Slash muscle and tendons in foes lower leg.  Foe stumbles forward into you with his guard down.');
insert into CriticalEntry(id, criticalTable_id, max_roll, severity, hits, stun, bleed, crit_text) values(52, 1, 80, 'C', 9, 6, 4, 'You come in high and fast.  Slash muscle and tendons in foes shield arm.  foes arm is useless.');
insert into CriticalEntry(id, criticalTable_id, max_roll, severity, hits, stun, cannot_parry_rounds, bleed, penalty, crit_text) values(53, 1, 85, 'C', 8, 2, 2, 4, -20, 'You follow your training well.  You extend on your slashing arc.  Strike lands against foes side.');
insert into CriticalEntry(id, criticalTable_id, max_roll, severity, hits, stun, cannot_parry_rounds, penalty, crit_text) values(54, 1, 90, 'C', 9, 4, 4, -10, 'Blast to back breaks bone.  Foe stumbles forward before falling down.  He is having trouble standing.');
insert into CriticalEntry(id, criticalTable_id, max_roll, severity, hits, crit_text) values(55, 1, 95, 'C', 20, 'Chop the top of foes thigh.  Sever foes leg.  Foe drops immediately and dies in 6 rounds due to shock and blodd loss.');
insert into CriticalEntry(id, criticalTable_id, max_roll, severity, hits, stun, cannot_parry_rounds, crit_text) values(56, 1, 99, 'C', 18, 12, 12, 'You cleave shield and arm in half.  Foe attempts to catch his falling arm. Foe is in shock for 12 rounds then dies.');
insert into CriticalEntry(id, criticalTable_id, max_roll, severity, hits, stun, cannot_parry_rounds, bonus, crit_text) values(57, 1, 100, 'C', 5, 30, 30, 20, 'Strike up, in, and across foes forehead.  Destroye foes eyes.  Foe flips onto his pack in pain.');
insert into CriticalEntry(id, criticalTable_id, max_roll, severity, hits, crit_text) values(58, 1, 5, 'D', 2, 'Strike lands poorly.');
insert into CriticalEntry(id, criticalTable_id, max_roll, severity, hits, crit_text) values(59, 1, 10, 'D', 4, 'An opening appears and all you can do is smack foe lightly.');
insert into CriticalEntry(id, criticalTable_id, max_roll, severity, hits, must_parry_rounds, crit_text) values(60, 1, 15, 'D', 3, 1, 'You force your opponent back.  He keeps you at bay with wild swings.');
insert into CriticalEntry(id, criticalTable_id, max_roll, severity, hits, penalty, crit_text) values(61, 1, 20, 'D', 2, -10, 'You lean in and slash foes side.  You receive initiative next round.');
insert into CriticalEntry(id, criticalTable_id, max_roll, severity, hits, stun, cannot_parry_rounds, crit_text) values(62, 1, 35, 'D', 3, 1, 1, 'Arm and chest strike.  Foe cannot defend himself for a moment.  You step around his shielded side.');
insert into CriticalEntry(id, criticalTable_id, max_roll, severity, hits, bleed, crit_text) values(63, 1, 45, 'D', 3, 2, 'Foe blocks your attack on his chest.  You slash foes upper area.');
insert into CriticalEntry(id, criticalTable_id, max_roll, severity, hits, stun, cannot_parry_rounds, bleed, crit_text) values(64, 1, 50, 'D', 3, 1, 1, 2, 'Reach long and catch foe in his lower back.  He twists out of it, but is unbalanced.');
insert into CriticalEntry(id, criticalTable_id, max_roll, severity, hits, must_parry_rounds, bleed, penalty, crit_text) values(65, 1, 55, 'D', 5, 1, 3, -15, 'Heavy blow to upper torso.  Wound falls open and foe is in pain.  His guard is still up, amazingly enough.');
insert into CriticalEntry(id, criticalTable_id, max_roll, severity, hits, stun, bleed, crit_text) values(66, 1, 60, 'D', 6, 2, 2, 'Tip of your blade gets a hit on foes thigh.  You twist your weapon.');
insert into CriticalEntry(id, criticalTable_id, max_roll, severity, hits, stun, bleed, penalty, crit_text) values(67, 1, 65, 'D', 4, 2, 3, -10, 'You are lucky to strike foes forearm while recovering from a lunge.');
insert into CriticalEntry(id, criticalTable_id, max_roll, severity, hits, crit_text) values(68, 1, 66, 'D', 15, 'You knock foe out for 6 hours with a strike to side of head.  If foe has no helm, you kill him instantly.');
insert into CriticalEntry(id, criticalTable_id, max_roll, severity, hits, stun, penalty, bonus, crit_text) values(69, 1, 70, 'D', 5, 3, -20, 10, 'You strike foes shoulder and slash muscles.');
insert into CriticalEntry(id, criticalTable_id, max_roll, severity, stun, cannot_parry_rounds, penalty, crit_text) values(70, 1, 75, 'D', 3, 2, -50, 'Slash muscle and sever tendons in foes lower leg.  He cant stand much longer.  His guard is feeble.');
insert into CriticalEntry(id, criticalTable_id, max_roll, severity, hits, stun, cannot_parry_rounds, crit_text) values(71, 1, 80, 'D', 10, 4, 2, 'Foe mistakenly brings his weapon arm across your blade.  Sever tendons.  foes arm is limp and useless.');
insert into CriticalEntry(id, criticalTable_id, max_roll, severity, hits, stun, cannot_parry_rounds, bleed, penalty, crit_text) values(72, 1, 85, 'D', 10, 4, 2, 8, -10, 'You plunge your weapon into foes stomach.  Major abdomenal wound.  Foe is instanly pale from blood loss.');
insert into CriticalEntry(id, criticalTable_id, max_roll, severity, hits, stun, cannot_parry_rounds, crit_text) values(73, 1, 90, 'D', 6, 6, 6, 'Your attempt to disarm foe is even more effective.  Sever opponents hand.  Foe is in shock for 6 rounds and then dies.');
insert into CriticalEntry(id, criticalTable_id, max_roll, severity, hits, stun, cannot_parry_rounds, crit_text) values(74, 1, 95, 'D', 15, 9, 9, 'Sever foes weapon arm and bury you sword into foes side.  Foe falls prone.  Foe is in shock for 12 rounds, then dies.');
insert into CriticalEntry(id, criticalTable_id, max_roll, severity, hits, crit_text) values(75, 1, 99, 'D', 20, 'Slash foes side.  Foe dies in 3 rounds due to internal organ damage.  Foe is down and unconscious immediately.');
insert into CriticalEntry(id, criticalTable_id, max_roll, severity, hits, crit_text) values(76, 1, 100, 'D', 12, 'Impale foe in heart.  Foe dies instatnly.  Heart is destroyed.  25% chance your weaon is stuck in for 2 rounds.');
insert into CriticalEntry(id, criticalTable_id, max_roll, severity, hits, crit_text) values(77, 1, 5, 'E', 3, 'Your attack is weak.');
insert into CriticalEntry(id, criticalTable_id, max_roll, severity, hits, crit_text) values(78, 1, 10, 'E', 5, 'Unbalance foe.  You receive initiative next round.');
insert into CriticalEntry(id, criticalTable_id, max_roll, severity, hits, must_parry_rounds, crit_text) values(79, 1, 15, 'E', 4, 1, 'You push aside foes weapon and force him back.');
insert into CriticalEntry(id, criticalTable_id, max_roll, severity, stun, cannot_parry_rounds, bonus, crit_text) values(80, 1, 20, 'E', 1, 1, 10, 'Strong blow to foes ribs.  Foe srops his guard and almost his weapon.');
insert into CriticalEntry(id, criticalTable_id, max_roll, severity, hits, bleed, penalty, crit_text) values(81, 1, 35, 'E', 3, 1, -10, 'Foe avoids your main effort, but you nick him on your recovery.  Foe receives minor side wound and stumbles back 10 feet.');
insert into CriticalEntry(id, criticalTable_id, max_roll, severity, hits, bleed, crit_text) values(82, 1, 45, 'E', 3, 3, 'Blow to foes upper leg.  Leg armor helps block the blow.  No leg armor: take an additional 2 hits and bleeding for 3 hits/rnd.');
insert into CriticalEntry(id, criticalTable_id, max_roll, severity, hits, stun, cannot_parry_rounds, bleed, crit_text) values(83, 1, 50, 'E', 4, 1, 1, 3, 'Strike to foes stomach.  He doubles over in pain and you pull your sword clean with one more sweep.');
insert into CriticalEntry(id, criticalTable_id, max_roll, severity, hits, stun, bleed, penalty, crit_text) values(84, 1, 55, 'E', 6, 2, 4, -10, 'Cut foe open with little grace.  You are unsure of your success until you see all the blood coming out of his chest.');
insert into CriticalEntry(id, criticalTable_id, max_roll, severity, hits, stun, bleed, crit_text) values(85, 1, 60, 'E', 8, 2, 5, 'Thigh wound.  Your blow cuts deep and severs an important vein.');
insert into CriticalEntry(id, criticalTable_id, max_roll, severity, hits, stun, bleed, penalty, crit_text) values(86, 1, 65, 'E', 6, 2, 3, -15, 'Foe tries to disarm you and pays with a nasty cut to his forearm.');
insert into CriticalEntry(id, criticalTable_id, max_roll, severity, hits, bonus, crit_text) values(87, 1, 66, 'E', 12, 10, 'Block foes weapon arm away and then sever it.  Foe drops immediately and expires in 12 rounds.  Good shot!');
insert into CriticalEntry(id, criticalTable_id, max_roll, severity, stun, bleed, crit_text) values(88, 1, 70, 'E', 4, 2, 'Slash tendons and crush the bones in the foes shield arm shoulder.  Arm is useless.');
insert into CriticalEntry(id, criticalTable_id, max_roll, severity, hits, stun, penalty, crit_text) values(89, 1, 75, 'E', 8, 6, -70, 'Slash foes lower leg and sever muscle and tendons.  Foe will fall without something to lean against.');
insert into CriticalEntry(id, criticalTable_id, max_roll, severity, hits, stun, cannot_parry_rounds, crit_text) values(90, 1, 80, 'E', 12, 3, 3, 'Foe reaches out to block your blow.  You sever two fingers and break his shield arm making it useless.');
insert into CriticalEntry(id, criticalTable_id, max_roll, severity, hits, stun, cannot_parry_rounds, crit_text) values(91, 1, 85, 'E', 5, 12, 12, 'Sever opponents hand.  Sad.  Foe is down and in shock for 12 rounds, then dies.');
insert into CriticalEntry(id, criticalTable_id, max_roll, severity, hits, bonus, crit_text) values(92, 1, 90, 'E', 15, 10, 'Meat chopping strike severs foes leg.  Foe drops and lapses in unconsciousness.  Foe dies in 9 rounds.');
insert into CriticalEntry(id, criticalTable_id, max_roll, severity, hits, crit_text) values(93, 1, 95, 'E', 20, 'Sever foes spine.  Foe collapses, paralyzed from the neck down permanently.');
insert into CriticalEntry(id, criticalTable_id, max_roll, severity, crit_text) values(94, 1, 99, 'E', 'Strike to foes head destroys brani and makes life difficult for the poor fool.  Foe expires in a heap - immediately.');
insert into CriticalEntry(id, criticalTable_id, max_roll, severity, hits, stun, cannot_parry_rounds, crit_text) values(95, 1, 100, 'E', 10, 12, 12, 'Very close!  Strike to foes groin area.  Al vital organs are destoyed immediately. Foe dies after 24 rounds of agony.');

insert into CriticalEntry(id, criticalTable_id, max_roll, severity, crit_text) values(96, 2, 5, 'A', 'Foe avoids most of the attack.');
insert into CriticalEntry(id, criticalTable_id, max_roll, severity, hits, crit_text) values(97, 2, 10, 'A', 1, 'Strike failed to connect well.');
insert into CriticalEntry(id, criticalTable_id, max_roll, severity, hits, crit_text) values(98, 2, 15, 'A', 1, 'Strike causes foe to flinch.  You gain initiative next round.');
insert into CriticalEntry(id, criticalTable_id, max_roll, severity, hits, must_parry_rounds, crit_text) values(99, 2, 20, 'A', 1, 1, 'Foe steps back defensively.');
insert into CriticalEntry(id, criticalTable_id, max_roll, severity, hits, must_parry_rounds, bonus, crit_text) values(100, 2, 35, 'A', 2, 1, 10, 'Convince foe of his peril by just missing his abdomen.');
insert into CriticalEntry(id, criticalTable_id, max_roll, severity, bleed, crit_text) values(101, 2, 45, 'A', 1, 'Nick foes calf with long follow through.');
insert into CriticalEntry(id, criticalTable_id, max_roll, severity, hits, must_parry_rounds, crit_text) values(102, 2, 50, 'A', 2, 1, 'foes evasion exposes his back to your strike.');
insert into CriticalEntry(id, criticalTable_id, max_roll, severity, must_parry_rounds, bleed, crit_text) values(103, 2, 55, 'A', 1, 2, 'Strike to foes chest and he looks impressed.');
insert into CriticalEntry(id, criticalTable_id, max_roll, severity, hits, stun, bleed, crit_text) values(104, 2, 60, 'A', 2, 1, 2, 'Minor thigh wound.  It could have been better.');
insert into CriticalEntry(id, criticalTable_id, max_roll, severity, hits, bleed, penalty, crit_text) values(105, 2, 65, 'A', 2, 2, -10, 'Minor forearm wound numbs foes grip.');
insert into CriticalEntry(id, criticalTable_id, max_roll, severity, stun, bonus, crit_text) values(106, 2, 66, 'A', 3, 10, 'Strike to foes shield shoulder, Arm is useless.  That must really hurt!');
insert into CriticalEntry(id, criticalTable_id, max_roll, severity, hits, stun, cannot_parry_rounds, crit_text) values(107, 2, 70, 'A', 5, 3, 1, 'Strike along foes neck.');
insert into CriticalEntry(id, criticalTable_id, max_roll, severity, hits, penalty, crit_text) values(108, 2, 75, 'A', 3, -10, 'Strike to lower leg.  With leg greaves: foe must parry for 3 rounds.  Without leg greaves: additional 2 hits damage, foe stunned for 1 round, cannot parry for 1 round, and at additional -15.');
insert into CriticalEntry(id, criticalTable_id, max_roll, severity, hits, stun, bleed, penalty, crit_text) values(109, 2, 80, 'A', 3, 2, 3, -25, 'Strike foe in upper arm.  You tear his clothes.');
insert into CriticalEntry(id, criticalTable_id, max_roll, severity, hits, bleed, bonus, crit_text) values(110, 2, 85, 'A', 6, 5, 20, 'Deep wound in foes side.  Well, it looked like a killing blow.');
insert into CriticalEntry(id, criticalTable_id, max_roll, severity, stun, cannot_parry_rounds, bleed, penalty, crit_text) values(111, 2, 90, 'A', 2, 2, 2, -20, 'Catch foe in the back.  He drops his guard and stumbles forward.');
insert into CriticalEntry(id, criticalTable_id, max_roll, severity, hits, stun, cannot_parry_rounds, crit_text) values(112, 2, 95, 'A', 3, 2, 1, 'Strike to foes ear.  Foe hears at -50.  No helmet: additional 2 hits, bleeding 2 hits per round, and cannot parry for an additional round. ');
insert into CriticalEntry(id, criticalTable_id, max_roll, severity, stun, cannot_parry_rounds, bleed, crit_text) values(113, 2, 99, 'A', 3, 3, 3, 'Strike to nose.  There is a permanent scar.  foes eyes are crossed for a moment.');
insert into CriticalEntry(id, criticalTable_id, max_roll, severity, crit_text) values(114, 2, 100, 'A', 'Strike through neck.  Sever vein and artery.  Foe cannot breath.  Foe drops and dies of heart failure.');
insert into CriticalEntry(id, criticalTable_id, max_roll, severity, crit_text) values(115, 2, 5, 'B', 'Glancing blow.  Nothing extra.');
insert into CriticalEntry(id, criticalTable_id, max_roll, severity, hits, crit_text) values(116, 2, 10, 'B', 2, 'Panck!');
insert into CriticalEntry(id, criticalTable_id, max_roll, severity, hits, crit_text) values(117, 2, 15, 'B', 3, 'Foe questions his resolve.  You gain initiative next round.');
insert into CriticalEntry(id, criticalTable_id, max_roll, severity, hits, must_parry_rounds, crit_text) values(118, 2, 20, 'B', 2, 1, 'Foe steps back and avoids the worst.');
insert into CriticalEntry(id, criticalTable_id, max_roll, severity, hits, must_parry_rounds, crit_text) values(119, 2, 35, 'B', 2, 2, 'Foe is uncertain about your next attack.  He choses to let you make the first move (you gain initiative next round).');
insert into CriticalEntry(id, criticalTable_id, max_roll, severity, hits, crit_text) values(120, 2, 45, 'B', 2, 'Cheap shot to foes shin.  No greaves: additional 3 hits damage, must parry next round, and bleeding 1 hit per round.');
insert into CriticalEntry(id, criticalTable_id, max_roll, severity, stun, bleed, crit_text) values(121, 2, 50, 'B', 1, 1, 'Blow to back damages any equipment worn there.');
insert into CriticalEntry(id, criticalTable_id, max_roll, severity, hits, must_parry_rounds, bleed, crit_text) values(122, 2, 55, 'B', 3, 2, 2, 'Solid strike to foes chest.  Blood from wound ruins any heraldry.');
insert into CriticalEntry(id, criticalTable_id, max_roll, severity, hits, stun, cannot_parry_rounds, bleed, crit_text) values(123, 2, 60, 'B', 3, 1, 1, 2, 'Thigh wound does some damage.');
insert into CriticalEntry(id, criticalTable_id, max_roll, severity, hits, stun, bleed, penalty, crit_text) values(124, 2, 65, 'B', 2, 1, 2, -10, 'Forearm strike shakes foe up.  Foe attempts recovery.');
insert into CriticalEntry(id, criticalTable_id, max_roll, severity, hits, stun, must_parry_rounds, crit_text) values(125, 2, 66, 'B', 3, 4, 2, 'Foe blocks your attack with his elbow.  Elbow is shattered.  Shield arm is useless.');
insert into CriticalEntry(id, criticalTable_id, max_roll, severity, stun, bleed, penalty, crit_text) values(126, 2, 70, 'B', 2, 3, -5, 'Strike to foes neck.  Its not enough for a kill.');
insert into CriticalEntry(id, criticalTable_id, max_roll, severity, hits, stun, cannot_parry_rounds, penalty, crit_text) values(127, 2, 75, 'B', 3, 2, 2, -40, 'Strike to foes calf.  Slash muscle.  Foe almost falls down.');
insert into CriticalEntry(id, criticalTable_id, max_roll, severity, stun, bleed, penalty, crit_text) values(128, 2, 80, 'B', 3, 3, -30, 'Strike to shield side.  If foe has shield, your weapon is stuck in it for a round.');
insert into CriticalEntry(id, criticalTable_id, max_roll, severity, hits, stun, cannot_parry_rounds, bleed, penalty, crit_text) values(129, 2, 85, 'B', 6, 3, 3, 5, -25, 'Tear open foes side in a graphic display of violence.');
insert into CriticalEntry(id, criticalTable_id, max_roll, severity, hits, stun, cannot_parry_rounds, crit_text) values(130, 2, 90, 'B', 6, 2, 2, 'Strike to foes head.  If foe has no helm he dies.  If foe has a helm, he falls to his knees.');
insert into CriticalEntry(id, criticalTable_id, max_roll, severity, hits, stun, penalty, crit_text) values(131, 2, 95, 'B', 5, 1, -10, 'Strike to foes hip.  No waist armor: additional 2 hits damage, bleeding 3 hits per round and additional -15 penalty.');
insert into CriticalEntry(id, criticalTable_id, max_roll, severity, hits, crit_text) values(132, 2, 99, 'B', 20, 'Strike through foes cheek and throat.  Foe drops and dies after 9 rounds of incapacity.');
insert into CriticalEntry(id, criticalTable_id, max_roll, severity, bonus, crit_text) values(133, 2, 100, 'B', 10, 'Strike plunges into foes eye.  Foe dies instantly.  Foe remains standing for a moment until he realizes this.  All allies get +10 for 1 round.');
insert into CriticalEntry(id, criticalTable_id, max_roll, severity, hits, crit_text) values(134, 2, 5, 'C', 1, 'Foe dances clear of the worst.');
insert into CriticalEntry(id, criticalTable_id, max_roll, severity, hits, crit_text) values(135, 2, 10, 'C', 2, 'Nick your weapon and your foe.');
insert into CriticalEntry(id, criticalTable_id, max_roll, severity, hits, crit_text) values(136, 2, 15, 'C', 5, 'foes evasion puts him out of position.  You gain initiative next round.');
insert into CriticalEntry(id, criticalTable_id, max_roll, severity, hits, must_parry_rounds, crit_text) values(137, 2, 20, 'C', 3, 1, 'Blow to foes side.  If foe has a belt it is severed.');
insert into CriticalEntry(id, criticalTable_id, max_roll, severity, stun, bleed, crit_text) values(138, 2, 35, 'C', 1, 1, 'Strike crosses foes head.  If he has a helm it is knocked off and dented.');
insert into CriticalEntry(id, criticalTable_id, max_roll, severity, bleed, crit_text) values(139, 2, 45, 'C', 2, 'Strike along foes calf.  The damage takes a moment to show.');
insert into CriticalEntry(id, criticalTable_id, max_roll, severity, stun, bleed, crit_text) values(140, 2, 50, 'C', 2, 1, 'Lower back strike sends foe reeling.  His guard is still up.');
insert into CriticalEntry(id, criticalTable_id, max_roll, severity, hits, stun, bleed, crit_text) values(141, 2, 55, 'C', 3, 2, 2, 'Strike toward chest.  If foe has a shield, it is out of position for the rest of the round.');
insert into CriticalEntry(id, criticalTable_id, max_roll, severity, hits, stun, bleed, crit_text) values(142, 2, 60, 'C', 5, 1, 1, 'Strike to foes thigh.  No leg armor: additional 3 hits damage, next round cannot parry, additional 1 round stunned, bleed of 1 hit/round, and at -10.');
insert into CriticalEntry(id, criticalTable_id, max_roll, severity, hits, stun, crit_text) values(143, 2, 65, 'C', 3, 2, 'Solid strike to foes right forearm.  No arm greaves: additional 2 hits damage, 2 rounds of no parry, bleeding 2 hits/rnd and at -10.');
insert into CriticalEntry(id, criticalTable_id, max_roll, severity, stun, cannot_parry_rounds, penalty, crit_text) values(144, 2, 66, 'C', 2, 2, -90, 'Strike shatters foes knee.  Foe crumbles to the ground.  He is down for 3 rounds.');
insert into CriticalEntry(id, criticalTable_id, max_roll, severity, stun, cannot_parry_rounds, bonus, crit_text) values(145, 2, 70, 'C', 4, 2, 15, 'Strike along foes neck.  Foe is frantic to evade death.');
insert into CriticalEntry(id, criticalTable_id, max_roll, severity, hits, stun, cannot_parry_rounds, penalty, crit_text) values(146, 2, 75, 'C', 5, 2, 2, -50, 'Destructive strike to lower leg.  If foe has leg armor, it is torn free.');
insert into CriticalEntry(id, criticalTable_id, max_roll, severity, stun, bleed, penalty, crit_text) values(147, 2, 80, 'C', 6, 3, -25, 'Strike through muscle in shield arm.  If foe has a shield, he drops it.');
insert into CriticalEntry(id, criticalTable_id, max_roll, severity, hits, stun, cannot_parry_rounds, bleed, penalty, crit_text) values(148, 2, 85, 'C', 6, 3, 3, 5, -25, 'Strike bites into foes ribs.  The impact sounds truly terrible.');
insert into CriticalEntry(id, criticalTable_id, max_roll, severity, hits, stun, cannot_parry_rounds, crit_text) values(149, 2, 90, 'C', 6, 2, 2, 'Strike impacts on foes head.  If he has no helm, he dies.  Helm is destroyed.');
insert into CriticalEntry(id, criticalTable_id, max_roll, severity, crit_text) values(150, 2, 95, 'C', 'Strike to chest.  If foe has plate chest armor, he drops and dies in 9 rounds.  If not, he dies instantly.');
insert into CriticalEntry(id, criticalTable_id, max_roll, severity, crit_text) values(151, 2, 99, 'C', 'Strike through foes neck breaks backbone and severs spine.  Foe is paralyzed from the neck down.');
insert into CriticalEntry(id, criticalTable_id, max_roll, severity, bonus, crit_text) values(152, 2, 100, 'C', 20, 'Shot through both ears proves effective.  Foe dies instantly.  Pretty Shot.');
insert into CriticalEntry(id, criticalTable_id, max_roll, severity, hits, crit_text) values(153, 2, 5, 'D', 2, 'Strike Bonces off.');
insert into CriticalEntry(id, criticalTable_id, max_roll, severity, hits, crit_text) values(154, 2, 10, 'D', 4, 'Strike lands without energy.');
insert into CriticalEntry(id, criticalTable_id, max_roll, severity, hits, must_parry_rounds, crit_text) values(155, 2, 15, 'D', 2, 1, 'Foe evades and maneuvers for a better position.');
insert into CriticalEntry(id, criticalTable_id, max_roll, severity, penalty, crit_text) values(156, 2, 20, 'D', -10, 'Precise strike to foes side.  You have the initiative for 1 round.');
insert into CriticalEntry(id, criticalTable_id, max_roll, severity, stun, bleed, crit_text) values(157, 2, 35, 'D', 1, 2, 'You wound foe in hip.  Strike strips equipment from right side of waist.');
insert into CriticalEntry(id, criticalTable_id, max_roll, severity, crit_text) values(158, 2, 45, 'D', 'Close call for foes groin.  No waist armor:  additional 4 hits damage, stunned for 1 round, and bleeding for 3 hits/rnd.');
insert into CriticalEntry(id, criticalTable_id, max_roll, severity, hits, stun, cannot_parry_rounds, crit_text) values(159, 2, 50, 'D', 6, 1, 1, 'Light strike pins foes weapon arm to his side.');
insert into CriticalEntry(id, criticalTable_id, max_roll, severity, hits, must_parry_rounds, bleed, penalty, crit_text) values(160, 2, 55, 'D', 5, 1, 3, -15, 'Sold chest strike leaves bruises and blood.');
insert into CriticalEntry(id, criticalTable_id, max_roll, severity, hits, cannot_parry_rounds, crit_text) values(161, 2, 60, 'D', 3, 1, 'Strike foe in abdomen. No abdomen armor: additional 3 hits damage, 1 additional round of no parry, 1 round of stun and bleeding for 3 hits/rnd.');
insert into CriticalEntry(id, criticalTable_id, max_roll, severity, hits, stun, bleed, penalty, crit_text) values(162, 2, 65, 'D', 3, 2, 3, -10, 'Blow to foes weapon arm.  Arm is numb.');
insert into CriticalEntry(id, criticalTable_id, max_roll, severity, hits, crit_text) values(163, 2, 66, 'D', 10, 'Strike to head kills foe, if he has no helm.  If he has a helm he is knocked out for 6 hours.');
insert into CriticalEntry(id, criticalTable_id, max_roll, severity, hits, stun, cannot_parry_rounds, penalty, crit_text) values(164, 2, 70, 'D', 3, 2, 2, -20, 'Strike down foes defenses with a blow to both arms.');
insert into CriticalEntry(id, criticalTable_id, max_roll, severity, hits, stun, cannot_parry_rounds, penalty, crit_text) values(165, 2, 75, 'D', 6, 2, 2, -50, 'Excellent blow to lower leg slashes muscles and cartilage.  Foe falls prone.');
insert into CriticalEntry(id, criticalTable_id, max_roll, severity, hits, stun, bleed, crit_text) values(166, 2, 80, 'D', 12, 6, 3, 'Strike to foes shield arm.  Arm is useless.');
insert into CriticalEntry(id, criticalTable_id, max_roll, severity, hits, stun, cannot_parry_rounds, bleed, penalty, crit_text) values(167, 2, 85, 'D', 10, 3, 3, 6, -20, 'Major abdomenal wound.  Blood pours out in frightening quantities.');
insert into CriticalEntry(id, criticalTable_id, max_roll, severity, hits, crit_text) values(168, 2, 90, 'D', 9, 'Strike through foes kidneys.  Foe is down and immobile for 2 hours, then he dies.');
insert into CriticalEntry(id, criticalTable_id, max_roll, severity, crit_text) values(169, 2, 95, 'D', 'Strike through foes side spill his guts on the floor.  Foe fights on normally for 6 rounds, then dies.');
insert into CriticalEntry(id, criticalTable_id, max_roll, severity, crit_text) values(170, 2, 99, 'D', 'Strike plunges into doomed foes chest and emerges from the other side.  Foe drops and dies in 6 rounds.');
insert into CriticalEntry(id, criticalTable_id, max_roll, severity, bonus, crit_text) values(171, 2, 100, 'D', 20, 'Strike through brain makes life difficult for foe.  You have a half round left to act.');
insert into CriticalEntry(id, criticalTable_id, max_roll, severity, hits, crit_text) values(172, 2, 5, 'E', 3, 'Strike lands flat.');
insert into CriticalEntry(id, criticalTable_id, max_roll, severity, hits, crit_text) values(173, 2, 10, 'E', 5, 'Shot unbalances foe.  You have initiative.');
insert into CriticalEntry(id, criticalTable_id, max_roll, severity, hits, must_parry_rounds, crit_text) values(174, 2, 15, 'E', 3, 1, 'Foe is fearful of your skill and steps back from your mighty onslaught.');
insert into CriticalEntry(id, criticalTable_id, max_roll, severity, stun, bonus, crit_text) values(175, 2, 20, 'E', 1, 20, 'Foe vibrates from the impact of the strike.');
insert into CriticalEntry(id, criticalTable_id, max_roll, severity, hits, bleed, penalty, crit_text) values(176, 2, 35, 'E', 2, 2, -10, 'Deal foe a measurable blow to his side.  Any one container on your foe now has a hole in it.');
insert into CriticalEntry(id, criticalTable_id, max_roll, severity, hits, crit_text) values(177, 2, 45, 'E', 2, 'Strike to upper leg rips clothing.  No leg armor: additional 1 hit damage, 1 round of must parry and bleeding 3 hits/rnd.');
insert into CriticalEntry(id, criticalTable_id, max_roll, severity, hits, stun, bleed, crit_text) values(178, 2, 50, 'E', 4, 1, 1, 'Strike to side.  If foe has armor, the blow tears it open and exposes skin.  No abdomen armor:  additional 4 hits damage, 1 round of no parry and additional bleeding 3 hits/rnd.');
insert into CriticalEntry(id, criticalTable_id, max_roll, severity, hits, stun, cannot_parry_rounds, penalty, crit_text) values(179, 2, 55, 'E', 5, 1, 1, -10, 'Foe goes low to evade your attack.  Strike takes foe down on one knee.  Finish him.');
insert into CriticalEntry(id, criticalTable_id, max_roll, severity, hits, stun, cannot_parry_rounds, bleed, crit_text) values(180, 2, 60, 'E', 6, 1, 1, 5, 'Blow to foes side.  He stumbles to your right 10 feet.');
insert into CriticalEntry(id, criticalTable_id, max_roll, severity, hits, stun, bleed, penalty, crit_text) values(181, 2, 65, 'E', 5, 2, 3, -15, 'Catch foes forearm.  The wound opens up nicely.  Foe is in pain.');
insert into CriticalEntry(id, criticalTable_id, max_roll, severity, bonus, crit_text) values(182, 2, 66, 'E', 10, 'Strike through both of foes lungs.  Foe drops and passes out.  He dies 6 rounds later.');
insert into CriticalEntry(id, criticalTable_id, max_roll, severity, stun, bleed, crit_text) values(183, 2, 70, 'E', 6, 3, 'Shot raises foes arm up, severing many muscles and tendons.  Arm is useless.');
insert into CriticalEntry(id, criticalTable_id, max_roll, severity, stun, cannot_parry_rounds, penalty, crit_text) values(184, 2, 75, 'E', 3, 3, -75, 'Strike plunges into leg with deadly effect.  Foe drops, gripping his leg in pain.');
insert into CriticalEntry(id, criticalTable_id, max_roll, severity, hits, stun, cannot_parry_rounds, crit_text) values(185, 2, 80, 'E', 10, 3, 3, 'Strike foe in weapon arm, the bone is broken.  Arm is useless.');
insert into CriticalEntry(id, criticalTable_id, max_roll, severity, crit_text) values(186, 2, 85, 'E', 'Strike to foes back severs a vein.  Foe goes to his knees and dies in 12 rounds.');
insert into CriticalEntry(id, criticalTable_id, max_roll, severity, crit_text) values(187, 2, 90, 'E', 'Strike plunges in just below foes collarbone.  Foe drops and dies in 12 rounds.');
insert into CriticalEntry(id, criticalTable_id, max_roll, severity, stun, crit_text) values(188, 2, 95, 'E', 12, 'Your weapon  passes through the arm and sticks out the other side.  Foe dies in 12 rounds.');
insert into CriticalEntry(id, criticalTable_id, max_roll, severity, crit_text) values(189, 2, 99, 'E', 'Shot through heart sends foe reeling back 10 feet to a place suitable for death.  Your weapon is stuck in the reeling foe.');
insert into CriticalEntry(id, criticalTable_id, max_roll, severity, bonus, crit_text) values(190, 2, 100, 'E', 25, 'Strike to foes eye.  Foe dies instantly.  Carry on soldier.');

insert into CriticalEntry(id, criticalTable_id, max_roll, severity, crit_text) values(191, 3, 5, 'A', 'Not very impressive.');
insert into CriticalEntry(id, criticalTable_id, max_roll, severity, crit_text) values(192, 3, 10, 'A', 'The strike lost something in the translation.');
insert into CriticalEntry(id, criticalTable_id, max_roll, severity, hits, crit_text) values(193, 3, 15, 'A', 3, 'Foe evades much of your swing.  You have initiative.');
insert into CriticalEntry(id, criticalTable_id, max_roll, severity, hits, must_parry_rounds, crit_text) values(194, 3, 20, 'A', 2, 1, 'Foe steps back 5 feet.  He is out of position.');
insert into CriticalEntry(id, criticalTable_id, max_roll, severity, hits, must_parry_rounds, bonus, crit_text) values(195, 3, 35, 'A', 3, 1, 5, 'Foe tries to duck under your strike.  You knock him back.');
insert into CriticalEntry(id, criticalTable_id, max_roll, severity, hits, crit_text) values(196, 3, 45, 'A', 6, 'Bust foes shin.  You have initiative.  If foe has no leg greaves:  additional 3 hits and is at -5.');
insert into CriticalEntry(id, criticalTable_id, max_roll, severity, hits, must_parry_rounds, crit_text) values(197, 3, 50, 'A', 4, 1, 'Foe steps under your blow.  You catch him in the back.');
insert into CriticalEntry(id, criticalTable_id, max_roll, severity, hits, must_parry_rounds, crit_text) values(198, 3, 55, 'A', 5, 1, 'Blow to foes chest.  Foe leans sideways in pain.');
insert into CriticalEntry(id, criticalTable_id, max_roll, severity, hits, must_parry_rounds, crit_text) values(199, 3, 60, 'A', 5, 1, 'Blow to foes waist sends a piece of equipment flying.  Foe recoils.');
insert into CriticalEntry(id, criticalTable_id, max_roll, severity, hits, crit_text) values(200, 3, 65, 'A', 5, 'Strike to weapon forearm. With arm greaves: must parry next round.  Without arm greaves: additional 3 hits and stunned for 1 rnd.');
insert into CriticalEntry(id, criticalTable_id, max_roll, severity, hits, stun, cannot_parry_rounds, crit_text) values(201, 3, 66, 'A', 8, 2, 2, 'Shatter shoulder in foes shield arm.  Arm is quite useless.  Foe drops shield, if he has one.');
insert into CriticalEntry(id, criticalTable_id, max_roll, severity, hits, stun, cannot_parry_rounds, crit_text) values(202, 3, 70, 'A', 8, 3, 1, 'Solid strike to foes chest.  Knocks the breath out of foe.');
insert into CriticalEntry(id, criticalTable_id, max_roll, severity, hits, stun, cannot_parry_rounds, penalty, crit_text) values(203, 3, 75, 'A', 5, 2, 2, -20, 'Shot takes foe in lower leg.  He fails to jump over it.');
insert into CriticalEntry(id, criticalTable_id, max_roll, severity, crit_text) values(204, 3, 80, 'A', 'Blow to foes shield arm destroys shield.  If no shield, arm is broken.');
insert into CriticalEntry(id, criticalTable_id, max_roll, severity, hits, stun, cannot_parry_rounds, penalty, crit_text) values(205, 3, 85, 'A', 10, 2, 2, -20, 'Blow to foes side sends him stumbling 5 feet to your right.');
insert into CriticalEntry(id, criticalTable_id, max_roll, severity, hits, stun, cannot_parry_rounds, penalty, crit_text) values(206, 3, 90, 'A', 12, 3, 3, -25, 'Strike foe in lower back.  Muscles and cartilege are damaged.');
insert into CriticalEntry(id, criticalTable_id, max_roll, severity, hits, stun, cannot_parry_rounds, crit_text) values(207, 3, 95, 'A', 10, 2, 2, 'Break foes nose.  Without nose guard:  additional 5 hits and additional 1 rnd of stun and no parry.');
insert into CriticalEntry(id, criticalTable_id, max_roll, severity, hits, stun, crit_text) values(208, 3, 99, 'A', 20, 6, 'Blow to foes head.  If foe has no helm, he is dead.  If foe has helm, he is knocked down.');
insert into CriticalEntry(id, criticalTable_id, max_roll, severity, hits, bonus, crit_text) values(209, 3, 100, 'A', 50, 20, 'Crush foes jaw.  Deive bone through brain.  Foe dies instantly.');
insert into CriticalEntry(id, criticalTable_id, max_roll, severity, crit_text) values(210, 3, 5, 'B', 'Your grip fails you.');
insert into CriticalEntry(id, criticalTable_id, max_roll, severity, hits, crit_text) values(211, 3, 10, 'B', 2, 'Thud.');
insert into CriticalEntry(id, criticalTable_id, max_roll, severity, hits, crit_text) values(212, 3, 15, 'B', 3, 'Foe evades frantically.  You have initiative next round.');
insert into CriticalEntry(id, criticalTable_id, max_roll, severity, hits, must_parry_rounds, crit_text) values(213, 3, 20, 'B', 4, 1, 'Foe is concerned with his own preservation. He steps back 5 feet.');
insert into CriticalEntry(id, criticalTable_id, max_roll, severity, hits, must_parry_rounds, crit_text) values(214, 3, 35, 'B', 4, 1, 'Foe loses some resolve from your solid strike.');
insert into CriticalEntry(id, criticalTable_id, max_roll, severity, hits, must_parry_rounds, crit_text) values(215, 3, 45, 'B', 9, 2, 'Blow to foes left calf.  You gain initiative.  No leg greaves:  additional 3 hits and is at -20 for 2 rnds.');
insert into CriticalEntry(id, criticalTable_id, max_roll, severity, hits, must_parry_rounds, crit_text) values(216, 3, 50, 'B', 6, 1, 'Sold blow to back .  Foe seeks to avoid this attack again.  He has lost his way.');
insert into CriticalEntry(id, criticalTable_id, max_roll, severity, hits, must_parry_rounds, crit_text) values(217, 3, 55, 'B', 6, 2, 'Foe recoils before your blow impacts.  He steps back 5 feet to defend himself.');
insert into CriticalEntry(id, criticalTable_id, max_roll, severity, hits, must_parry_rounds, penalty, crit_text) values(218, 3, 60, 'B', 6, 1, -5, 'Strike passes under shield arm and lands on foes thigh.  Big bruise.');
insert into CriticalEntry(id, criticalTable_id, max_roll, severity, hits, stun, penalty, crit_text) values(219, 3, 65, 'B', 9, 1, -10, 'Blow to foes forearm.  The strike is solid.  The pain is certain.');
insert into CriticalEntry(id, criticalTable_id, max_roll, severity, stun, cannot_parry_rounds, crit_text) values(220, 3, 66, 'B', 3, 3, 'Drive elbow backwards and break it.  Arm is useless.  Foe drops weapon, leans way over, and yells out.');
insert into CriticalEntry(id, criticalTable_id, max_roll, severity, hits, stun, cannot_parry_rounds, penalty, crit_text) values(221, 3, 70, 'B', 10, 2, 2, -10, 'Boom!  Shot strikes foes upper chest.  Foe stumbles.');
insert into CriticalEntry(id, criticalTable_id, max_roll, severity, hits, stun, cannot_parry_rounds, penalty, crit_text) values(222, 3, 75, 'B', 10, 2, 1, -35, 'Strike to foes right achilles tendon.  Oh that hurts ya know!');
insert into CriticalEntry(id, criticalTable_id, max_roll, severity, hits, stun, crit_text) values(223, 3, 80, 'B', 6, 1, 'Blow to foes shield arm breaks wrist.  Hand is useless.  Foe drops shield.');
insert into CriticalEntry(id, criticalTable_id, max_roll, severity, hits, stun, cannot_parry_rounds, penalty, crit_text) values(224, 3, 85, 'B', 12, 2, 2, -25, 'Blow thunders as it connects.  foes ribs crackle in response.  It hurts.');
insert into CriticalEntry(id, criticalTable_id, max_roll, severity, stun, cannot_parry_rounds, penalty, crit_text) values(225, 3, 90, 'B', 4, 4, -30, 'Foe makes a mistake and pays.  You send him prone with a fell strike.  Tendons are smashed.');
insert into CriticalEntry(id, criticalTable_id, max_roll, severity, hits, stun, crit_text) values(226, 3, 95, 'B', 20, 12, 'Strike to foes head.  If he has no helm,  he falls into a coma for 3 weeks.');
insert into CriticalEntry(id, criticalTable_id, max_roll, severity, bonus, crit_text) values(227, 3, 99, 'B', 20, 'Blast foes chest.  Send ribcage into heart.  Foe drops and dies in 6 rounds.');
insert into CriticalEntry(id, criticalTable_id, max_roll, severity, hits, stun, crit_text) values(228, 3, 100, 'B', 25, 15, 'Blow snaps neck.  Foe is paralyzed from the shoulders down.');
insert into CriticalEntry(id, criticalTable_id, max_roll, severity, hits, crit_text) values(229, 3, 5, 'C', 1, 'Practice this one.');
insert into CriticalEntry(id, criticalTable_id, max_roll, severity, hits, crit_text) values(230, 3, 10, 'C', 2, 'You should have swung much harder.');
insert into CriticalEntry(id, criticalTable_id, max_roll, severity, hits, crit_text) values(231, 3, 15, 'C', 7, 'Really solid strike to foes shield side.  You have initiative.');
insert into CriticalEntry(id, criticalTable_id, max_roll, severity, hits, must_parry_rounds, crit_text) values(232, 3, 20, 'C', 6, 1, 'Blow to foes waist.  He spins sideways.');
insert into CriticalEntry(id, criticalTable_id, max_roll, severity, hits, stun, crit_text) values(233, 3, 35, 'C', 5, 1, 'Disorient foe with a tricky shot.  He is at a loss for words.');
insert into CriticalEntry(id, criticalTable_id, max_roll, severity, hits, penalty, crit_text) values(234, 3, 45, 'C', 9, -25, 'Catch foe in lower leg.  You gain initiative, while foe regains footing.');
insert into CriticalEntry(id, criticalTable_id, max_roll, severity, hits, stun, cannot_parry_rounds, crit_text) values(235, 3, 50, 'C', 5, 1, 1, 'He leans to your shield side and you hit him in the back.  You have the initiative for 2 rounds.');
insert into CriticalEntry(id, criticalTable_id, max_roll, severity, hits, stun, penalty, crit_text) values(236, 3, 55, 'C', 5, 1, -10, 'Hard strike to chest, armor does not help.');
insert into CriticalEntry(id, criticalTable_id, max_roll, severity, hits, must_parry_rounds, bonus, crit_text) values(237, 3, 60, 'C', 6, 1, 10, 'Strike grazes across left thigh and lands on right.  It lands solid.');
insert into CriticalEntry(id, criticalTable_id, max_roll, severity, hits, stun, crit_text) values(238, 3, 65, 'C', 8, 1, 'Catch foe in mid-swing and disarm him.  His weapon tumbles behind you.');
insert into CriticalEntry(id, criticalTable_id, max_roll, severity, hits, stun, cannot_parry_rounds, penalty, crit_text) values(239, 3, 66, 'C', 9, 3, 3, -90, 'That does it for him.  Your strike lands on foes knee.  The knee buckles and foe goes down hard.');
insert into CriticalEntry(id, criticalTable_id, max_roll, severity, hits, stun, cannot_parry_rounds, penalty, crit_text) values(240, 3, 70, 'C', 10, 3, 2, -10, 'Strike to chest causes a host of trouble.');
insert into CriticalEntry(id, criticalTable_id, max_roll, severity, hits, stun, cannot_parry_rounds, penalty, crit_text) values(241, 3, 75, 'C', 10, 2, 2, -40, 'Strike twists foes knee.');
insert into CriticalEntry(id, criticalTable_id, max_roll, severity, hits, stun, cannot_parry_rounds, penalty, crit_text) values(242, 3, 80, 'C', 9, 1, 1, -50, 'Blow to foes weapon arm.  A metal armguard is bent and the arm is useless until the armor is removed.');
insert into CriticalEntry(id, criticalTable_id, max_roll, severity, hits, stun, cannot_parry_rounds, penalty, crit_text) values(243, 3, 85, 'C', 12, 3, 3, -40, 'Foe yells out before the impact and is silenced by the blow.  Ribs crack.');
insert into CriticalEntry(id, criticalTable_id, max_roll, severity, hits, stun, penalty, crit_text) values(244, 3, 90, 'C', 20, 6, -50, 'Powerful blow sweeps foe onto his back.  Bones break and muscles tear.');
insert into CriticalEntry(id, criticalTable_id, max_roll, severity, hits, crit_text) values(245, 3, 95, 'C', 9, 'Blow to thigh.  Compound fracture severs an artery.  Foe goes down hard and dies in 12 rounds.');
insert into CriticalEntry(id, criticalTable_id, max_roll, severity, crit_text) values(246, 3, 99, 'C', 'Blow to foes abdomen.  Strike destroys a variety of organs.  Poor fool expires after 6 rounds of inactivity.');
insert into CriticalEntry(id, criticalTable_id, max_roll, severity, hits, stun, cannot_parry_rounds, crit_text) values(247, 3, 100, 'C', 30, 24, 24, 'Strike to forehead.  Destroy foes eyes.  Send him helm flying.  Foe is spun about.');
insert into CriticalEntry(id, criticalTable_id, max_roll, severity, hits, crit_text) values(248, 3, 5, 'D', 2, 'Strike blunted by clothing.');
insert into CriticalEntry(id, criticalTable_id, max_roll, severity, hits, crit_text) values(249, 3, 10, 'D', 4, 'Foe steps right, then left, and almost evades your blow.');
insert into CriticalEntry(id, criticalTable_id, max_roll, severity, hits, must_parry_rounds, crit_text) values(250, 3, 15, 'D', 5, 1, 'Shot close to foes throat.  He seeks to avoid your next strike.');
insert into CriticalEntry(id, criticalTable_id, max_roll, severity, hits, penalty, crit_text) values(251, 3, 20, 'D', 5, -5, 'Glancing blow takes skin with it.  You have initiative next round.');
insert into CriticalEntry(id, criticalTable_id, max_roll, severity, hits, stun, cannot_parry_rounds, crit_text) values(252, 3, 35, 'D', 4, 1, 1, 'Foe goes airborne to evade your strike.  He is stumbling back.');
insert into CriticalEntry(id, criticalTable_id, max_roll, severity, hits, penalty, crit_text) values(253, 3, 45, 'D', 10, -10, 'Light swing to foes leg.  foes calf is bruised.  You have the initiative.');
insert into CriticalEntry(id, criticalTable_id, max_roll, severity, hits, stun, cannot_parry_rounds, crit_text) values(254, 3, 50, 'D', 10, 1, 1, 'Catch foe in shoulder blade.  Foe srops his guard and reels from your blow.');
insert into CriticalEntry(id, criticalTable_id, max_roll, severity, hits, penalty, crit_text) values(255, 3, 55, 'D', 10, -15, 'Blow to foes ribs.  It hurts him to raise his arms.  Foe cannot lean over.');
insert into CriticalEntry(id, criticalTable_id, max_roll, severity, hits, stun, penalty, crit_text) values(256, 3, 60, 'D', 6, 1, -10, 'Miss foes arm and strike his thigh.  He stumbles and drops something.');
insert into CriticalEntry(id, criticalTable_id, max_roll, severity, hits, stun, cannot_parry_rounds, penalty, crit_text) values(257, 3, 65, 'D', 10, 1, 1, -10, 'Blow to forearm.  Blow tears clothing, but not skin.  Arm is bruised.');
insert into CriticalEntry(id, criticalTable_id, max_roll, severity, hits, crit_text) values(258, 3, 66, 'D', 20, 'Masterful strike to foes head.  If he has no helm he is dead.  If he has a helm, he is knocked out for 4 hours.');
insert into CriticalEntry(id, criticalTable_id, max_roll, severity, hits, stun, cannot_parry_rounds, crit_text) values(259, 3, 70, 'D', 6, 1, 1, 'Blow to shoulder.  No shoulder armor: Additional 1 round of stun and no parry and is at -20.');
insert into CriticalEntry(id, criticalTable_id, max_roll, severity, hits, stun, cannot_parry_rounds, penalty, crit_text) values(260, 3, 75, 'D', 12, 2, 2, -50, 'Blow lands with a crack.  Leg bone is broken.  Major cartilage damage.');
insert into CriticalEntry(id, criticalTable_id, max_roll, severity, hits, stun, cannot_parry_rounds, crit_text) values(261, 3, 80, 'D', 8, 1, 1, 'Blow breaks foes weapon arm.  Slong foes weapon to the right 5 feet.  foes arm is useless.  Tendon damage.');
insert into CriticalEntry(id, criticalTable_id, max_roll, severity, hits, stun, cannot_parry_rounds, bonus, crit_text) values(262, 3, 85, 'D', 15, 3, 3, 10, 'Blow lands on foes side.  He goes down hard.  Victory is close.');
insert into CriticalEntry(id, criticalTable_id, max_roll, severity, hits, crit_text) values(263, 3, 90, 'D', 25, 'Blow to foes neck.  If foe has a throat protector, he is paralyzed from the neck down.  If not, he dies in two rounds.');
insert into CriticalEntry(id, criticalTable_id, max_roll, severity, crit_text) values(264, 3, 95, 'D', 'Strike comes down on the shield shoulder of foe.  Arm shatters.  Foe dies from shock and blood loss in 9 rounds.');
insert into CriticalEntry(id, criticalTable_id, max_roll, severity, bonus, crit_text) values(265, 3, 99, 'D', 25, 'Crush foes chest cavity.  He grips your arm, looks into your eyes, then drops and dies in 3 rounds.');
insert into CriticalEntry(id, criticalTable_id, max_roll, severity, hits, crit_text) values(266, 3, 100, 'D', 25, 'Blast to foes heart.  He dies.  You consider yourself to be deadly.  Fine work.  You are ready to slay more.');
insert into CriticalEntry(id, criticalTable_id, max_roll, severity, hits, crit_text) values(267, 3, 5, 'E', 3, 'Destroy one of the foes silly decorations.');
insert into CriticalEntry(id, criticalTable_id, max_roll, severity, hits, crit_text) values(268, 3, 10, 'E', 6, 'Blow is forceful, not hard.  Foe is unbalanced.  You have initiative.');
insert into CriticalEntry(id, criticalTable_id, max_roll, severity, hits, stun, bonus, crit_text) values(269, 3, 15, 'E', 6, 1, 5, 'Foe raises an arm to block your strike.  He does himself harm.  You profit.');
insert into CriticalEntry(id, criticalTable_id, max_roll, severity, stun, cannot_parry_rounds, bonus, crit_text) values(270, 3, 20, 'E', 1, 1, 10, 'Strong blow breaks foes guard.  He is unbalanced.');
insert into CriticalEntry(id, criticalTable_id, max_roll, severity, hits, penalty, crit_text) values(271, 3, 35, 'E', 6, -10, 'Solid shot breaks foes ribs.  You have initiative next round.');
insert into CriticalEntry(id, criticalTable_id, max_roll, severity, hits, penalty, crit_text) values(272, 3, 45, 'E', 12, -10, 'Blow to upper leg.  Minor fracture.  You have initiative.');
insert into CriticalEntry(id, criticalTable_id, max_roll, severity, hits, stun, cannot_parry_rounds, crit_text) values(273, 3, 50, 'E', 15, 1, 1, 'Glancing strike to lower back.  Foe turns away to avoid the damage.  Foe uses his weapon for balance.');
insert into CriticalEntry(id, criticalTable_id, max_roll, severity, hits, stun, penalty, crit_text) values(274, 3, 55, 'E', 15, 2, -15, 'Blow to chest.  He seeks to regain his wind and survive your onslaught.');
insert into CriticalEntry(id, criticalTable_id, max_roll, severity, hits, stun, cannot_parry_rounds, penalty, crit_text) values(275, 3, 60, 'E', 10, 1, 1, -10, 'Blow to foes thigh causes his right leg to falter for a moment.');
insert into CriticalEntry(id, criticalTable_id, max_roll, severity, hits, stun, penalty, crit_text) values(276, 3, 65, 'E', 10, 1, -15, 'Strike to foes weapon arm with a titanic blow.  Foe drops his weapon and reels.');
insert into CriticalEntry(id, criticalTable_id, max_roll, severity, hits, bonus, crit_text) values(277, 3, 66, 'E', 15, 10, 'Crush what was once foes head.  If foe has a helm, it is destroyed also.  You are spackled with blood.');
insert into CriticalEntry(id, criticalTable_id, max_roll, severity, crit_text) values(278, 3, 70, 'E', 'Blow to foes shield arm.  If foe has a shield, it is broken.  It not, arm is broken.');
insert into CriticalEntry(id, criticalTable_id, max_roll, severity, hits, stun, penalty, crit_text) values(279, 3, 75, 'E', 15, 3, -75, 'Blow to foes hip breaks it.  Help!  Foe has fallen and cannot get up!');
insert into CriticalEntry(id, criticalTable_id, max_roll, severity, hits, stun, cannot_parry_rounds, crit_text) values(280, 3, 80, 'E', 9, 2, 2, 'Slap to foes arm and elbow around like string.  Joint is shattered.  Arm is useless.  Foe should have stayed in bed.');
insert into CriticalEntry(id, criticalTable_id, max_roll, severity, hits, crit_text) values(281, 3, 85, 'E', 30, 'Blow to foes armpit.  Crush ribs and destroy organs.  Foe dies in 3 rounds.');
insert into CriticalEntry(id, criticalTable_id, max_roll, severity, crit_text) values(282, 3, 90, 'E', 'Neck strike shatters bone and severs an artery.  Foe cannot breath.  Foe is inactive and suffocates in 12 rounds.');
insert into CriticalEntry(id, criticalTable_id, max_roll, severity, hits, crit_text) values(283, 3, 95, 'E', 25, 'Blast to foes back.  A bone is deiven into vital organs.  Foe is down and dies in six rounds.');
insert into CriticalEntry(id, criticalTable_id, max_roll, severity, hits, bonus, crit_text) values(284, 3, 99, 'E', 30, 20, 'Blow to foes face.  If visored, the visor is driven into his face and foe dies in 10 rounds.  Without a visor, he dies instantly.  You have half the round left.');
insert into CriticalEntry(id, criticalTable_id, max_roll, severity, hits, stun, penalty, crit_text) values(285, 3, 100, 'E', 35, 2, -30, 'Blow turns hip to dust.  Foe falls down.  Attempts to stand.  Falls again and dies in 6 rounds.');

insert into CriticalEntry(id, criticalTable_id, max_roll, severity, crit_text) values(286, 4, 5, 'A', 'Feeble.  You are getting old.');
insert into CriticalEntry(id, criticalTable_id, max_roll, severity, hits, crit_text) values(287, 4, 10, 'A', 1, 'You hit foes forehead.');
insert into CriticalEntry(id, criticalTable_id, max_roll, severity, hits, crit_text) values(288, 4, 15, 'A', 1, 'Push foe with the punch.  You receive initiative next round.');
insert into CriticalEntry(id, criticalTable_id, max_roll, severity, hits, crit_text) values(289, 4, 20, 'A', 2, 'Foe steps aside unbalanced.  You gain the initiative next round.');
insert into CriticalEntry(id, criticalTable_id, max_roll, severity, hits, crit_text) values(290, 4, 35, 'A', 3, 'Good placement.  You gain the initiative for the next two rounds.');
insert into CriticalEntry(id, criticalTable_id, max_roll, severity, hits, crit_text) values(291, 4, 45, 'A', 4, 'Slight abrasion.  You gain initiative for the next two rounds.');
insert into CriticalEntry(id, criticalTable_id, max_roll, severity, hits, crit_text) values(292, 4, 50, 'A', 5, 'Glancing blow to foes back.  You gain the initiative for the next three rounds.');
insert into CriticalEntry(id, criticalTable_id, max_roll, severity, hits, must_parry_rounds, crit_text) values(293, 4, 55, 'A', 5, 1, 'Strike lands solid to the chest.  Foe leaps back on the defensive.');
insert into CriticalEntry(id, criticalTable_id, max_roll, severity, hits, stun, crit_text) values(294, 4, 60, 'A', 5, 1, 'Foe kicks out at your and you strike his leg in response.');
insert into CriticalEntry(id, criticalTable_id, max_roll, severity, hits, must_parry_rounds, crit_text) values(295, 4, 65, 'A', 6, 1, 'Arm strike gives foe a bruised bicep.  You are cruel.');
insert into CriticalEntry(id, criticalTable_id, max_roll, severity, hits, stun, penalty, crit_text) values(296, 4, 66, 'A', 8, 6, -15, 'Grapple foes weaon arm and jerk his weaon free.  Foe goes twisting and spinning out of your grasp.');
insert into CriticalEntry(id, criticalTable_id, max_roll, severity, hits, stun, cannot_parry_rounds, crit_text) values(297, 4, 70, 'A', 4, 2, 2, 'Blow to abdomen.  Foe bends over and throws up.');
insert into CriticalEntry(id, criticalTable_id, max_roll, severity, hits, stun, crit_text) values(298, 4, 75, 'A', 6, 3, 'Leg strike damages muscle and sends foe stumbling back.');
insert into CriticalEntry(id, criticalTable_id, max_roll, severity, hits, stun, cannot_parry_rounds, crit_text) values(299, 4, 80, 'A', 8, 2, 2, 'Blow to foes shield arm.  If foe has anything that resembles a shield, it is broken.');
insert into CriticalEntry(id, criticalTable_id, max_roll, severity, hits, stun, cannot_parry_rounds, penalty, crit_text) values(300, 4, 85, 'A', 8, 2, 2, -25, 'Precision strike to foes arm disarms him.  Weapon hand is gractured.  Foe is in pain.');
insert into CriticalEntry(id, criticalTable_id, max_roll, severity, hits, stun, cannot_parry_rounds, bonus, crit_text) values(301, 4, 90, 'A', 8, 3, 3, 20, 'Two brutal punches to foes face.  This barrage leaves foe confused and swinging in the wrong direction.');
insert into CriticalEntry(id, criticalTable_id, max_roll, severity, hits, stun, cannot_parry_rounds, penalty, crit_text) values(302, 4, 95, 'A', 10, 3, 3, -25, 'Head strike breaks foes nose.  Appearance drops by 5 due to black eyes.');
insert into CriticalEntry(id, criticalTable_id, max_roll, severity, hits, crit_text) values(303, 4, 99, 'A', 10, 'Blow to sloar plexus causes foe to vomit.  He falls to his knees.  Foe is unable to do anything but retch.  Do you have pity?');
insert into CriticalEntry(id, criticalTable_id, max_roll, severity, hits, crit_text) values(304, 4, 100, 'A', 13, 'Elbow foes face and then punch him hard.  He is paralyzed from the neck down for 2 days.  He falls instantly to the ground.');
insert into CriticalEntry(id, criticalTable_id, max_roll, severity, crit_text) values(305, 4, 5, 'B', 'Maybe next time.');
insert into CriticalEntry(id, criticalTable_id, max_roll, severity, hits, crit_text) values(306, 4, 10, 'B', 1, 'A glancing blow.');
insert into CriticalEntry(id, criticalTable_id, max_roll, severity, hits, crit_text) values(307, 4, 15, 'B', 2, 'Deflected blow, but you gain the initiative next round.');
insert into CriticalEntry(id, criticalTable_id, max_roll, severity, hits, must_parry_rounds, crit_text) values(308, 4, 20, 'B', 2, 1, 'Your backhand is powerful.  Strike foe across his face.  You unbalance him.');
insert into CriticalEntry(id, criticalTable_id, max_roll, severity, hits, must_parry_rounds, crit_text) values(309, 4, 35, 'B', 3, 1, 'Push foe back and kick his leg.  Yougain the initiative next round.');
insert into CriticalEntry(id, criticalTable_id, max_roll, severity, hits, must_parry_rounds, crit_text) values(310, 4, 45, 'B', 4, 1, 'Leg strike unsteadies foe.  You stomp foes feet for an exra advantage.');
insert into CriticalEntry(id, criticalTable_id, max_roll, severity, hits, stun, crit_text) values(311, 4, 50, 'B', 5, 1, 'Foe lunges past you and you come down on his back.  He realizes his pain.');
insert into CriticalEntry(id, criticalTable_id, max_roll, severity, hits, stun, crit_text) values(312, 4, 55, 'B', 6, 1, 'You strike foe in his chest.  Foe reels.');
insert into CriticalEntry(id, criticalTable_id, max_roll, severity, hits, stun, crit_text) values(313, 4, 60, 'B', 6, 2, 'You duck down and strike across at foe.  Blow to thigh leaves a bad bruise.');
insert into CriticalEntry(id, criticalTable_id, max_roll, severity, hits, stun, cannot_parry_rounds, crit_text) values(314, 4, 65, 'B', 6, 1, 1, 'You block foes guard and punch him in the face.  He just stands there');
insert into CriticalEntry(id, criticalTable_id, max_roll, severity, hits, stun, penalty, crit_text) values(315, 4, 66, 'B', 18, 3, -60, 'Hammer foe in his kedneys.  You know he is in pain.  He grips his side and falls down.  Finish him, the pain will not last.');
insert into CriticalEntry(id, criticalTable_id, max_roll, severity, hits, stun, cannot_parry_rounds, crit_text) values(316, 4, 70, 'B', 8, 1, 1, 'Blow to foes chest.  You have mastered the common punch.');
insert into CriticalEntry(id, criticalTable_id, max_roll, severity, hits, stun, cannot_parry_rounds, crit_text) values(317, 4, 75, 'B', 10, 2, 1, 'Calf strike delivers a deep bruise.  Foe lookds down at the damage, forgetting about you.');
insert into CriticalEntry(id, criticalTable_id, max_roll, severity, hits, stun, cannot_parry_rounds, bonus, crit_text) values(318, 4, 80, 'B', 10, 2, 2, 5, 'You snap foes arm around like anoodle.  His wrist is trained with the impact.');
insert into CriticalEntry(id, criticalTable_id, max_roll, severity, hits, stun, penalty, crit_text) values(319, 4, 85, 'B', 10, 3, -15, 'Hand strike jams foes fingers into their sockets.  Ouch!  Foe drops everything in his hands.');
insert into CriticalEntry(id, criticalTable_id, max_roll, severity, hits, stun, penalty, crit_text) values(320, 4, 90, 'B', 10, 4, -25, 'Grab foes weapon arm and beat on it without concern for the rest of foe.  Foe is disarmed as ligaments are torn and muscles are pulled');
insert into CriticalEntry(id, criticalTable_id, max_roll, severity, hits, stun, cannot_parry_rounds, penalty, crit_text) values(321, 4, 95, 'B', 12, 8, 8, -40, 'Land a solid shot to foes head.  Ofe is definitely impressed.  He steps toward youto keep from falling.');
insert into CriticalEntry(id, criticalTable_id, max_roll, severity, hits, stun, cannot_parry_rounds, crit_text) values(322, 4, 99, 'B', 18, 12, 12, 'Groin strike is solid.  You kick him again.  Your strike leaves foe helpless.  Really unkind.');
insert into CriticalEntry(id, criticalTable_id, max_roll, severity, hits, crit_text) values(323, 4, 100, 'B', 20, 'Strike to foes head.  If he has no helm, he is in a coma for 10-100 days.  If foe has a helm it leaves a bruise on his head.  Foe drops and is unconscious.');
insert into CriticalEntry(id, criticalTable_id, max_roll, severity, hits, crit_text) values(324, 4, 5, 'C', 1, 'Barely made it.');
insert into CriticalEntry(id, criticalTable_id, max_roll, severity, hits, crit_text) values(325, 4, 10, 'C', 2, 'You pull at foes hair.');
insert into CriticalEntry(id, criticalTable_id, max_roll, severity, hits, crit_text) values(326, 4, 15, 'C', 2, 'You move quickly after blocking punch.  You gain the initiative next round.');
insert into CriticalEntry(id, criticalTable_id, max_roll, severity, hits, must_parry_rounds, crit_text) values(327, 4, 20, 'C', 3, 1, 'Step into foe to knock him down.  Bash to side unbalances foe.');
insert into CriticalEntry(id, criticalTable_id, max_roll, severity, hits, must_parry_rounds, bonus, crit_text) values(328, 4, 35, 'C', 4, 1, 10, 'You try to sweep you foe off his feet.');
insert into CriticalEntry(id, criticalTable_id, max_roll, severity, hits, stun, penalty, crit_text) values(329, 4, 45, 'C', 5, 1, -20, 'Boot to calf hits hard.  You have the initiative next round.');
insert into CriticalEntry(id, criticalTable_id, max_roll, severity, hits, stun, bonus, crit_text) values(330, 4, 50, 'C', 6, 1, 5, 'You grab foe and bring your knee into foes side.  Strike lifts foe up and sends foe reeling.');
insert into CriticalEntry(id, criticalTable_id, max_roll, severity, hits, stun, crit_text) values(331, 4, 55, 'C', 8, 2, 'Classic grip to foes collar garment.  You punch him hard.  He stumbles back 5 feet.');
insert into CriticalEntry(id, criticalTable_id, max_roll, severity, hits, stun, cannot_parry_rounds, crit_text) values(332, 4, 60, 'C', 8, 2, 2, 'Strike to foes thigh.  Your fist hits hard.');
insert into CriticalEntry(id, criticalTable_id, max_roll, severity, hits, stun, cannot_parry_rounds, bonus, crit_text) values(333, 4, 65, 'C', 8, 2, 2, 5, 'Catch weapon arm and strike it across your own knee.  Foe drops his weapon.');
insert into CriticalEntry(id, criticalTable_id, max_roll, severity, hits, stun, cannot_parry_rounds, penalty, crit_text) values(334, 4, 66, 'C', 9, 6, 6, -45, 'Nasty strike to foes mouth kocks out 2 teeth and reduces foes appearance by 5, when he smiles.');
insert into CriticalEntry(id, criticalTable_id, max_roll, severity, hits, stun, cannot_parry_rounds, crit_text) values(335, 4, 70, 'C', 10, 2, 2, 'Strong blow to fes forearm causes fracture.');
insert into CriticalEntry(id, criticalTable_id, max_roll, severity, hits, stun, cannot_parry_rounds, bonus, crit_text) values(336, 4, 75, 'C', 10, 2, 2, 5, 'A light punch unbalances foe.  A kick to foes leg knocks him down.  He falls forward under you.');
insert into CriticalEntry(id, criticalTable_id, max_roll, severity, hits, stun, penalty, crit_text) values(337, 4, 80, 'C', 10, 3, -30, 'Grip foes weapon arm and drive his fist against a hard surface.  Hand is fractured.  Foe is disarmed.');
insert into CriticalEntry(id, criticalTable_id, max_roll, severity, hits, stun, cannot_parry_rounds, penalty, crit_text) values(338, 4, 85, 'C', 10, 3, 3, -20, 'Strong blow to foes arm fractures shoulder.  You hit his shoulder one mre time to make your point.');
insert into CriticalEntry(id, criticalTable_id, max_roll, severity, hits, stun, cannot_parry_rounds, penalty, crit_text) values(339, 4, 90, 'C', 12, 3, 3, -30, 'Accurate chest strike knocks wind out of foe.  He falls over on you and you knock him off with an upper cut.  He stands back up and stumbles 5 feet.');
insert into CriticalEntry(id, criticalTable_id, max_roll, severity, hits, stun, cannot_parry_rounds, penalty, crit_text) values(340, 4, 95, 'C', 15, 9, 9, -35, 'Precision strike to foes head sends him to the ground.  You can actually see the stars spinning around his head.');
insert into CriticalEntry(id, criticalTable_id, max_roll, severity, hits, crit_text) values(341, 4, 99, 'C', 20, 'Strike foe in his head.  If he has a helm, you pull it off and hit him with it.  He is knocked out for 4 hours.  If foe has no helm, you knock him out for 5 rounds.');
insert into CriticalEntry(id, criticalTable_id, max_roll, severity, hits, bleed, crit_text) values(342, 4, 100, 'C', 25, 1, 'Mighty strike crashes into foes head.  If he has a helmet, he is unconscious for 1-10 days.  If he has no helmet, skull collapses and brain is dead.');
insert into CriticalEntry(id, criticalTable_id, max_roll, severity, hits, crit_text) values(343, 4, 5, 'D', 2, 'Great move.');
insert into CriticalEntry(id, criticalTable_id, max_roll, severity, hits, crit_text) values(344, 4, 10, 'D', 2, 'You gain the initiative next round.');
insert into CriticalEntry(id, criticalTable_id, max_roll, severity, hits, must_parry_rounds, crit_text) values(345, 4, 15, 'D', 2, 1, 'Use your body like a broom.  Foe is unbalanced.');
insert into CriticalEntry(id, criticalTable_id, max_roll, severity, hits, must_parry_rounds, crit_text) values(346, 4, 20, 'D', 4, 2, 'Elbow to foes side sends him reeling.  Your follow-up swing misses.');
insert into CriticalEntry(id, criticalTable_id, max_roll, severity, hits, stun, must_parry_rounds, crit_text) values(347, 4, 35, 'D', 5, 1, 1, 'You trip foe.  He shuffles a full 15 feet before he gets his balance.');
insert into CriticalEntry(id, criticalTable_id, max_roll, severity, hits, stun, crit_text) values(348, 4, 45, 'D', 6, 2, 'You go in low and strike foe in his calf.  He stumbles back with a nasty bruise.');
insert into CriticalEntry(id, criticalTable_id, max_roll, severity, hits, stun, cannot_parry_rounds, penalty, crit_text) values(349, 4, 50, 'D', 10, 1, 1, -10, 'Chest strike causes deep bruise.  Foe looks very surprised.');
insert into CriticalEntry(id, criticalTable_id, max_roll, severity, hits, stun, cannot_parry_rounds, penalty, crit_text) values(350, 4, 55, 'D', 10, 1, 1, -10, 'Chest strike causes deep bruise.  Foe looks very surprised.');
insert into CriticalEntry(id, criticalTable_id, max_roll, severity, hits, stun, cannot_parry_rounds, crit_text) values(351, 4, 60, 'D', 10, 2, 2, 'Bring your frearm down on foes thigh, with most of your weight it.  You have the initiative next round.');
insert into CriticalEntry(id, criticalTable_id, max_roll, severity, hits, stun, cannot_parry_rounds, bonus, crit_text) values(352, 4, 65, 'D', 10, 2, 2, 5, 'Strike to nerve in foes upper arm causes him to drop whatever he is carrying.');
insert into CriticalEntry(id, criticalTable_id, max_roll, severity, hits, penalty, crit_text) values(353, 4, 66, 'D', 15, -60, 'Drive your finger into foes eye, causing blindess.  There is a 10% chance that this appliction is permanent.');
insert into CriticalEntry(id, criticalTable_id, max_roll, severity, hits, stun, cannot_parry_rounds, penalty, crit_text) values(354, 4, 70, 'D', 12, 2, 2, -10, 'Smash foes hip.  You have the initiative next round.');
insert into CriticalEntry(id, criticalTable_id, max_roll, severity, hits, stun, penalty, crit_text) values(355, 4, 75, 'D', 12, 3, -20, 'Leg strike causes foe to fall.  You push him to hinder his landing and he sprains his ankle.');
insert into CriticalEntry(id, criticalTable_id, max_roll, severity, hits, stun, penalty, crit_text) values(356, 4, 80, 'D', 15, 3, -30, 'Strong blow to foes wepon arm fractures his wrist.  The pain makes his hand useless.');
insert into CriticalEntry(id, criticalTable_id, max_roll, severity, hits, stun, cannot_parry_rounds, crit_text) values(357, 4, 85, 'D', 15, 3, 3, 'Grab foes weapon arm and pull him over.  Your kick to the ribs finally dorps him to the ground.');
insert into CriticalEntry(id, criticalTable_id, max_roll, severity, hits, stun, crit_text) values(358, 4, 90, 'D', 18, 6, 'Blow to front of foes neck.  His head snaps back, but it does not break his neck.  Foe cannot speak for 2-20 hours.  He yells in silence.');
insert into CriticalEntry(id, criticalTable_id, max_roll, severity, hits, stun, penalty, bonus, crit_text) values(359, 4, 95, 'D', 20, 9, -30, 10, 'Strong blow to face cracks jawbone.  Ow! Jaw is stuck open and foe appears permanently surprised about something.');
insert into CriticalEntry(id, criticalTable_id, max_roll, severity, hits, bleed, crit_text) values(360, 4, 99, 'D', 25, 1, 'Strong blow to the abdomen causes internal bleeding and organ damage.  Foe makes it a habit of spitting blood.');
insert into CriticalEntry(id, criticalTable_id, max_roll, severity, crit_text) values(361, 4, 100, 'D', 'Grip foes arm and pound on foes head.  One shot hits h ard.  Crushing strike to foes temple.  Foe dies instantly.');
insert into CriticalEntry(id, criticalTable_id, max_roll, severity, hits, crit_text) values(362, 4, 5, 'E', 2, 'Light blow, but foe thinks its your best.');
insert into CriticalEntry(id, criticalTable_id, max_roll, severity, hits, must_parry_rounds, crit_text) values(363, 4, 10, 'E', 3, 1, 'Things just failed to connect right.');
insert into CriticalEntry(id, criticalTable_id, max_roll, severity, hits, must_parry_rounds, crit_text) values(364, 4, 15, 'E', 4, 1, 'You block foes forearm.  You gain the initiative next round.');
insert into CriticalEntry(id, criticalTable_id, max_roll, severity, hits, stun, crit_text) values(365, 4, 20, 'E', 5, 1, 'Duck in close and hammer foes side.  You gain the initiative next round.');
insert into CriticalEntry(id, criticalTable_id, max_roll, severity, hits, stun, penalty, crit_text) values(366, 4, 35, 'E', 8, 1, -20, 'Cheap shot to foes side bruises ribs.  Foe crashes into the nearest obastacle.');
insert into CriticalEntry(id, criticalTable_id, max_roll, severity, hits, stun, crit_text) values(367, 4, 45, 'E', 10, 1, 'Strike to the back of foes leg gives you a back attack next round.');
insert into CriticalEntry(id, criticalTable_id, max_roll, severity, hits, stun, cannot_parry_rounds, crit_text) values(368, 4, 50, 'E', 10, 1, 1, 'You bash foe brutally.  Your strike is solid.');
insert into CriticalEntry(id, criticalTable_id, max_roll, severity, hits, stun, cannot_parry_rounds, crit_text) values(369, 4, 55, 'E', 10, 2, 2, 'Chest wound knocks foe down.  Your attack puts you in the place he was just standing.');
insert into CriticalEntry(id, criticalTable_id, max_roll, severity, hits, stun, cannot_parry_rounds, crit_text) values(370, 4, 60, 'E', 10, 3, 3, 'You do not know what a sweep or a throw is, but this surely seems like one.  You slam foe to the ground.');
insert into CriticalEntry(id, criticalTable_id, max_roll, severity, hits, stun, cannot_parry_rounds, crit_text) values(371, 4, 65, 'E', 10, 4, 4, 'Strong shoulder strike and follow-up strike to the face.');
insert into CriticalEntry(id, criticalTable_id, max_roll, severity, bonus, crit_text) values(372, 4, 66, 'E', 10, 'Face strike is so hard foes cheekbone is shattered.  The shards mortally wound foe.  He dies after 10 rounds of agony.');
insert into CriticalEntry(id, criticalTable_id, max_roll, severity, hits, crit_text) values(373, 4, 70, 'E', 12, 'Throw foe into a solid object.  He falls down.');
insert into CriticalEntry(id, criticalTable_id, max_roll, severity, hits, stun, penalty, crit_text) values(374, 4, 75, 'E', 15, 5, -50, 'Snap palm into place against foes knee.  Tendon and cartiage damage.  Foe has diffculty standing.');
insert into CriticalEntry(id, criticalTable_id, max_roll, severity, hits, stun, cannot_parry_rounds, bleed, crit_text) values(375, 4, 80, 'E', 18, 2, 2, 1, 'Firece blow to foes weapon arm breaks bone.  Arm is useless.  Use arm as leverage to flip foe onto his stomach.');
insert into CriticalEntry(id, criticalTable_id, max_roll, severity, hits, stun, cannot_parry_rounds, bleed, penalty, crit_text) values(376, 4, 85, 'E', 18, 6, 6, 1, -30, 'Shoulder strike breaks foes collar bone.  Miscellaneous internal organ damage.');
insert into CriticalEntry(id, criticalTable_id, max_roll, severity, hits, stun, bleed, penalty, crit_text) values(377, 4, 90, 'E', 20, 1, 10, -50, 'Nasty blow ruptures stomach.  Foe is knocked down.  Internal bleeding is mortal.  Foe will die in 20 rounds.  He is still active.');
insert into CriticalEntry(id, criticalTable_id, max_roll, severity, hits, stun, cannot_parry_rounds, penalty, crit_text) values(378, 4, 95, 'E', 25, 6, 6, -75, 'Blow to foes side.  Bruise ribs, a kidney and a lung.  Foe manages to remain standing.  Oh that hurts ya know!');
insert into CriticalEntry(id, criticalTable_id, max_roll, severity, hits, bleed, bonus, crit_text) values(379, 4, 99, 'E', 30, 1, 20, 'Grip foes neck.  You shake him violently while attempting to choke him.  He passes out.  You can finish him if you want.');
insert into CriticalEntry(id, criticalTable_id, max_roll, severity, crit_text) values(380, 4, 100, 'E', 'Your strike is frightening.  foes head snaps to one side.  Foe cannot breath.  He looks upon the world one last time and then dies.  You are horrified at his doom.');
