insert into critical_table(id, name, short_name) values(1, 'Brawling', 'B');
insert into critical_table(id, name, short_name) values(2, 'Cold', 'C');
insert into critical_table(id, name, short_name) values(3, 'Electrical', 'E');
insert into critical_table(id, name, short_name) values(4, 'Grapple', 'G');
insert into critical_table(id, name, short_name) values(5, 'Heat', 'H');
insert into critical_table(id, name, short_name) values(6, 'Impact', 'I');
insert into critical_table(id, name, short_name) values(7, 'Krush', 'K');
insert into critical_table(id, name, short_name) values(8, 'Large', 'L');
insert into critical_table(id, name, short_name) values(9, 'Strike', 'MS');
insert into critical_table(id, name, short_name) values(10, 'Throw', 'MT');
insert into critical_table(id, name, short_name) values(11, 'Puncture', 'P');
insert into critical_table(id, name, short_name) values(12, 'Slash', 'S');
insert into critical_table(id, name, short_name) values(13, 'Spell Large', 'SL');
insert into critical_table(id, name, short_name) values(14, 'Spell Super Large', 'SS');
insert into critical_table(id, name, short_name) values(15, 'Super Large', 'SU');
insert into critical_table(id, name, short_name) values(16, 'Tiny', 'T');
insert into critical_table(id, name, short_name) values(17, 'Unbalance', 'U');

insert into weapon(id, name, fumble, critTable_id, weaponGroup, armorTableLaw, skinModifier, skinFactor, softModifier, softFactor, rigidModifier, rigidFactor, chainModifier, chainFactor, plateModifier, plateFactor) values(0, 'Dagger', 1, 11, 'ONE_HANDED_SLASHING', 'AL', -10, 4.7, -12, 8.2, -20, 8.5, -20, 10.7, -20, 22.9);
insert into weapon(id, name, fumble, critTable_id, weaponGroup, armorTableLaw, skinModifier, skinFactor, softModifier, softFactor, rigidModifier, rigidFactor, chainModifier, chainFactor, plateModifier, plateFactor) values(1, 'Falchion', 5, 12, 'ONE_HANDED_SLASHING', 'AL', 0, 2.3,	-2, 3.3, 4, 3.3, 4, 4.4, 4, 6.4);
insert into weapon(id, name, fumble, critTable_id, weaponGroup, armorTableLaw, skinModifier, skinFactor, softModifier, softFactor, rigidModifier, rigidFactor, chainModifier, chainFactor, plateModifier, plateFactor) values(2, 'Hand axe', 4, 7, 'ONE_HANDED_SLASHING', 'AL', -5, 3.1, -5, 4.5, 3, 4.2, 5, 5.5, 5, 8.5);
insert into weapon(id, name, fumble, critTable_id, weaponGroup, armorTableLaw, skinModifier, skinFactor, softModifier, softFactor, rigidModifier, rigidFactor, chainModifier, chainFactor, plateModifier, plateFactor) values(3, 'Maine Gauche', 2, 11, 'ONE_HANDED_SLASHING', 'AL', -8, 4.4, -10, 7.1, -15, 7.3, -15, 9.1, -15, 16.7);
insert into weapon(id, name, fumble, critTable_id, weaponGroup, armorTableLaw, skinModifier, skinFactor, softModifier, softFactor, rigidModifier, rigidFactor, chainModifier, chainFactor, plateModifier, plateFactor) values(4, 'Scimitar', 4, 12, 'ONE_HANDED_SLASHING', 'AL', -5, 2.5, -5, 3.7, -5, 3.9, -5, 7.7, 0, 13.2);
insert into weapon(id, name, fumble, critTable_id, weaponGroup, armorTableLaw, skinModifier, skinFactor, softModifier, softFactor, rigidModifier, rigidFactor, chainModifier, chainFactor, plateModifier, plateFactor) values(5, 'Rapier', 4, 11, 'ONE_HANDED_SLASHING', 'AL', 10, 5.3, 5, 7.5, -4, 9.1, 0, 10.4, 18, 23.7);
insert into weapon(id, name, fumble, critTable_id, weaponGroup, armorTableLaw, skinModifier, skinFactor, softModifier, softFactor, rigidModifier, rigidFactor, chainModifier, chainFactor, plateModifier, plateFactor) values(6, 'Broadsword', 3, 12, 'ONE_HANDED_SLASHING', 'AL', 0, 2.8, 0, 4.1, 0, 4.4, 0, 6.0, 0, 10.3);
insert into weapon(id, name, fumble, critTable_id, weaponGroup, armorTableLaw, skinModifier, skinFactor, softModifier, softFactor, rigidModifier, rigidFactor, chainModifier, chainFactor, plateModifier, plateFactor) values(7, 'Short Sword', 2, 12, 'ONE_HANDED_SLASHING', 'AL', 5, 3.8, 0, 5.4, -5, 6.4, -10, 8.7, -10, 14.9);
insert into weapon(id, name, fumble, critTable_id, weaponGroup, armorTableLaw, skinModifier, skinFactor, softModifier, softFactor, rigidModifier, rigidFactor, chainModifier, chainFactor, plateModifier, plateFactor) values(8, 'Armored fist', 1, 1, 'ONE_HANDED_CONCUSSION', 'CL', -15, 4.0, -25, 6.0, -30, 5.0, -35, 6.0, -10, 11.0);
insert into weapon(id, name, fumble, critTable_id, weaponGroup, armorTableLaw, skinModifier, skinFactor, softModifier, softFactor, rigidModifier, rigidFactor, chainModifier, chainFactor, plateModifier, plateFactor) values(9, 'Club', 4, 7, 'ONE_HANDED_CONCUSSION', 'AL', -15, 3.9, -15, 5.7, -10, 4.9, -10, 5.7, -5, 10.3);
insert into weapon(id, name, fumble, critTable_id, weaponGroup, armorTableLaw, skinModifier, skinFactor, softModifier, softFactor, rigidModifier, rigidFactor, chainModifier, chainFactor, plateModifier, plateFactor) values(10, 'War Hammer', 4, 7, 'ONE_HANDED_CONCUSSION', 'AL', -5, 3.2, 0, 4.7, 0, 4.2, 10, 5.0, 10, 7.7);
insert into weapon(id, name, fumble, critTable_id, weaponGroup, armorTableLaw, skinModifier, skinFactor, softModifier, softFactor, rigidModifier, rigidFactor, chainModifier, chainFactor, plateModifier, plateFactor) values(11, 'Mace', 2, 7, 'ONE_HANDED_CONCUSSION', 'AL', -5, 3.5, -5, 5.0, 0, 4.9, 5, 5.3, 5, 8.0);
insert into weapon(id, name, fumble, critTable_id, weaponGroup, armorTableLaw, skinModifier, skinFactor, softModifier, softFactor, rigidModifier, rigidFactor, chainModifier, chainFactor, plateModifier, plateFactor) values(12, 'Morning star', 8, 7, 'ONE_HANDED_CONCUSSION', 'AL', 0, 2.5, 0, 3.5, 5, 3.9, 10, 4.6, 10, 6.6);
insert into weapon(id, name, fumble, critTable_id, weaponGroup, armorTableLaw, skinModifier, skinFactor, softModifier, softFactor, rigidModifier, rigidFactor, chainModifier, chainFactor, plateModifier, plateFactor) values(13, 'Whip', 6, 3, 'ONE_HANDED_CONCUSSION', 'AL', -9, 3.9, -10, 8.8, -15, 10.1, -25, 12.2, -25, 32.0);
insert into weapon(id, name, fumble, critTable_id, weaponGroup, armorTableLaw, skinModifier, skinFactor, softModifier, softFactor, rigidModifier, rigidFactor, chainModifier, chainFactor, plateModifier, plateFactor) values(14, 'Bola', 7, 3, 'MISSILE', 'AL', -10, 5.1, -10, 8.0, -10, 4.1, -10, 5.7, -6, 10.1);
insert into weapon(id, name, fumble, critTable_id, weaponGroup, armorTableLaw, skinModifier, skinFactor, softModifier, softFactor, rigidModifier, rigidFactor, chainModifier, chainFactor, plateModifier, plateFactor) values(15, 'Composite bow', 4, 11, 'MISSILE', 'AL', -9, 2.9, 1, 3.4, -2, 3.0, 10, 3.5, 5, 6.4);
insert into weapon(id, name, fumble, critTable_id, weaponGroup, armorTableLaw, skinModifier, skinFactor, softModifier, softFactor, rigidModifier, rigidFactor, chainModifier, chainFactor, plateModifier, plateFactor) values(16, 'Heavy crossbow', 5, 11, 'MISSILE', 'AL', -2, 2.3, 6, 3.1, 4, 2.6, 15, 3.5, 10, 5.8);
insert into weapon(id, name, fumble, critTable_id, weaponGroup, armorTableLaw, skinModifier, skinFactor, softModifier, softFactor, rigidModifier, rigidFactor, chainModifier, chainFactor, plateModifier, plateFactor) values(17, 'Light crossbow', 5, 11, 'MISSILE', 'AL', -7, 2.8, -3, 3.4, -2, 3.1, 3, 3.7, 0, 7.1);
insert into weapon(id, name, fumble, critTable_id, weaponGroup, armorTableLaw, skinModifier, skinFactor, softModifier, softFactor, rigidModifier, rigidFactor, chainModifier, chainFactor, plateModifier, plateFactor) values(18, 'Long bow', 5, 11, 'MISSILE', 'AL', -3, 2.6, 3, 3.2, 1, 2.9, 13, 3.3, 8, 5.8);
insert into weapon(id, name, fumble, critTable_id, weaponGroup, armorTableLaw, skinModifier, skinFactor, softModifier, softFactor, rigidModifier, rigidFactor, chainModifier, chainFactor, plateModifier, plateFactor) values(19, 'Short bow', 4, 11, 'MISSILE', 'AL', -12, 3.1, -4, 4.3, -11, 3.6, 0, 4.0, 0, 9.9);
insert into weapon(id, name, fumble, critTable_id, weaponGroup, armorTableLaw, skinModifier, skinFactor, softModifier, softFactor, rigidModifier, rigidFactor, chainModifier, chainFactor, plateModifier, plateFactor) values(20, 'Sling', 6, 7, 'MISSILE', 'AL', -12, 2.5, -15, 3.9, -6, 3.4, -5, 4.3, 0, 6.7);
insert into weapon(id, name, fumble, critTable_id, weaponGroup, armorTableLaw, skinModifier, skinFactor, softModifier, softFactor, rigidModifier, rigidFactor, chainModifier, chainFactor, plateModifier, plateFactor) values(21, 'Battle axe', 5, 12, 'TWO_HANDED', 'AL', 0, 1.5, 3, 2.3, 6, 2.0, 13, 2.6, 13, 4.6);
insert into weapon(id, name, fumble, critTable_id, weaponGroup, armorTableLaw, skinModifier, skinFactor, softModifier, softFactor, rigidModifier, rigidFactor, chainModifier, chainFactor, plateModifier, plateFactor) values(22, 'Flail', 8, 7, 'TWO_HANDED', 'AL', 4, 1.8, 6, 2.4, 10, 2.6, 13, 3.3, 13, 4.5);
insert into weapon(id, name, fumble, critTable_id, weaponGroup, armorTableLaw, skinModifier, skinFactor, softModifier, softFactor, rigidModifier, rigidFactor, chainModifier, chainFactor, plateModifier, plateFactor) values(23, 'War mattock', 6, 7, 'TWO_HANDED', 'AL', 0, 1.7, 3, 2.2, 6, 2.2, 15, 2.7, 18, 3.6);
insert into weapon(id, name, fumble, critTable_id, weaponGroup, armorTableLaw, skinModifier, skinFactor, softModifier, softFactor, rigidModifier, rigidFactor, chainModifier, chainFactor, plateModifier, plateFactor) values(24, 'Quarterstaff', 3, 7, 'TWO_HANDED', 'AL', -15, 2.8, -12, 3.7, -12, 4.5, -12, 6.1, -15, 9.2);
insert into weapon(id, name, fumble, critTable_id, weaponGroup, armorTableLaw, skinModifier, skinFactor, softModifier, softFactor, rigidModifier, rigidFactor, chainModifier, chainFactor, plateModifier, plateFactor) values(25, 'Two-handed sword', 5, 12, 'TWO_HANDED', 'AL', 5, 1.6, 6, 2.1, 8, 2.0, 10, 2.8, 10, 4.7);
insert into weapon(id, name, fumble, critTable_id, weaponGroup, armorTableLaw, skinModifier, skinFactor, softModifier, softFactor, rigidModifier, rigidFactor, chainModifier, chainFactor, plateModifier, plateFactor) values(26, 'Javelin', 4, 11, 'POLE_ARM', 'AL', -6, 3.3, -6, 4.3, -6, 3.7, -7, 5.2, -10, 11.4);
insert into weapon(id, name, fumble, critTable_id, weaponGroup, armorTableLaw, skinModifier, skinFactor, softModifier, softFactor, rigidModifier, rigidFactor, chainModifier, chainFactor, plateModifier, plateFactor) values(27, 'Lance', 7, 11, 'POLE_ARM', 'AL', 0, 1.4, 4, 1.9, 5, 1.8, 17, 2.1, 20, 2.8);
insert into weapon(id, name, fumble, critTable_id, weaponGroup, armorTableLaw, skinModifier, skinFactor, softModifier, softFactor, rigidModifier, rigidFactor, chainModifier, chainFactor, plateModifier, plateFactor) values(28, 'Pole arm', 7, 11, 'POLE_ARM', 'AL', -2, 1.8, -2, 2.5, -1, 2.5, 0, 3.3, 0, 5.2);
insert into weapon(id, name, fumble, critTable_id, weaponGroup, armorTableLaw, skinModifier, skinFactor, softModifier, softFactor, rigidModifier, rigidFactor, chainModifier, chainFactor, plateModifier, plateFactor) values(29, 'Spear', 5, 11, 'POLE_ARM', 'AL', -4, 2.8, -5, 4.0, 0, 3.6, 3, 4.7, -4, 10.5);

insert into weapon_range(id, obModifier, from_distance, to_distance, weapon_id) values(1, -10, 1, 10, 0);
insert into weapon_range(id, obModifier, from_distance, to_distance, weapon_id) values(2, -20, 11, 25, 0);
insert into weapon_range(id, obModifier, from_distance, to_distance, weapon_id) values(3, -30, 26, 50, 0);
insert into weapon_range(id, obModifier, from_distance, to_distance, weapon_id) values(4, -15, 1, 10, 2);
insert into weapon_range(id, obModifier, from_distance, to_distance, weapon_id) values(5, -30, 11, 25, 2);
insert into weapon_range(id, obModifier, from_distance, to_distance, weapon_id) values(6, -45, 26, 50, 2);
insert into weapon_range(id, obModifier, from_distance, to_distance, weapon_id) values(7, -90, 51, 100, 2);
insert into weapon_range(id, obModifier, from_distance, to_distance, weapon_id) values(8, -15, 1, 10, 3);
insert into weapon_range(id, obModifier, from_distance, to_distance, weapon_id) values(9, -30, 1, 10, 7);
insert into weapon_range(id, obModifier, from_distance, to_distance, weapon_id) values(10, -40, 1, 10, 9);
insert into weapon_range(id, obModifier, from_distance, to_distance, weapon_id) values(11, -20, 1, 10, 10);
insert into weapon_range(id, obModifier, from_distance, to_distance, weapon_id) values(12, -40, 11, 25, 10);
insert into weapon_range(id, obModifier, from_distance, to_distance, weapon_id) values(13, -60, 26, 50, 10);
insert into weapon_range(id, obModifier, from_distance, to_distance, weapon_id) values(14, -35, 1, 10, 11);
insert into weapon_range(id, obModifier, from_distance, to_distance, weapon_id) values(15, 0, 1, 50, 14);
insert into weapon_range(id, obModifier, from_distance, to_distance, weapon_id) values(16, -20, 51, 100, 14);
insert into weapon_range(id, obModifier, from_distance, to_distance, weapon_id) values(17, -40, 101, 150, 14);
insert into weapon_range(id, obModifier, from_distance, to_distance, weapon_id) values(18, 25, 1, 10, 15);
insert into weapon_range(id, obModifier, from_distance, to_distance, weapon_id) values(19, 0, 11, 100, 15);
insert into weapon_range(id, obModifier, from_distance, to_distance, weapon_id) values(20, -35, 101, 200, 15);
insert into weapon_range(id, obModifier, from_distance, to_distance, weapon_id) values(21, -60, 201, 300, 15);
insert into weapon_range(id, obModifier, from_distance, to_distance, weapon_id) values(22, 30, 1, 20, 16);
insert into weapon_range(id, obModifier, from_distance, to_distance, weapon_id) values(23, 0, 21, 100, 16);
insert into weapon_range(id, obModifier, from_distance, to_distance, weapon_id) values(24, -25, 101, 200, 16);
insert into weapon_range(id, obModifier, from_distance, to_distance, weapon_id) values(25, -40, 201, 300, 16);
insert into weapon_range(id, obModifier, from_distance, to_distance, weapon_id) values(26, -55, 301, 360, 16);
insert into weapon_range(id, obModifier, from_distance, to_distance, weapon_id) values(27, 15, 1, 10, 17);
insert into weapon_range(id, obModifier, from_distance, to_distance, weapon_id) values(28, 0, 11, 100, 17);
insert into weapon_range(id, obModifier, from_distance, to_distance, weapon_id) values(29, -35, 101, 200, 17);
insert into weapon_range(id, obModifier, from_distance, to_distance, weapon_id) values(30, -50, 201, 300, 17);
insert into weapon_range(id, obModifier, from_distance, to_distance, weapon_id) values(31, -75, 301, 360, 17);
insert into weapon_range(id, obModifier, from_distance, to_distance, weapon_id) values(32, 20, 1, 10, 18);
insert into weapon_range(id, obModifier, from_distance, to_distance, weapon_id) values(33, 0, 11, 100, 18);
insert into weapon_range(id, obModifier, from_distance, to_distance, weapon_id) values(34, -30, 101, 200, 18);
insert into weapon_range(id, obModifier, from_distance, to_distance, weapon_id) values(35, -40, 201, 300, 18);
insert into weapon_range(id, obModifier, from_distance, to_distance, weapon_id) values(36, -50, 301, 400, 18);
insert into weapon_range(id, obModifier, from_distance, to_distance, weapon_id) values(37, 10, 1, 10, 19);
insert into weapon_range(id, obModifier, from_distance, to_distance, weapon_id) values(38, 0, 11, 100, 19);
insert into weapon_range(id, obModifier, from_distance, to_distance, weapon_id) values(39, -40, 101, 180, 19);
insert into weapon_range(id, obModifier, from_distance, to_distance, weapon_id) values(40, -70, 181, 240, 19);
insert into weapon_range(id, obModifier, from_distance, to_distance, weapon_id) values(41, 15, 1, 10, 20);
insert into weapon_range(id, obModifier, from_distance, to_distance, weapon_id) values(42, 0, 11, 60, 20);
insert into weapon_range(id, obModifier, from_distance, to_distance, weapon_id) values(43, -40, 61, 120, 20);
insert into weapon_range(id, obModifier, from_distance, to_distance, weapon_id) values(44, -65, 121, 180, 20);
insert into weapon_range(id, obModifier, from_distance, to_distance, weapon_id) values(45, -10, 1, 10, 29);
insert into weapon_range(id, obModifier, from_distance, to_distance, weapon_id) values(46, -20, 11, 25, 29);
insert into weapon_range(id, obModifier, from_distance, to_distance, weapon_id) values(47, -30, 26, 50, 29);

insert into ArmorDBModTable(id, law, at, mod) values(1, 'AL', 1, 15);
insert into ArmorDBModTable(id, law, at, mod) values(2, 'AL', 2, 5);
insert into ArmorDBModTable(id, law, at, mod) values(3, 'AL', 3, 19);
insert into ArmorDBModTable(id, law, at, mod) values(4, 'AL', 4, 23);
insert into ArmorDBModTable(id, law, at, mod) values(5, 'AL', 5, 0);
insert into ArmorDBModTable(id, law, at, mod) values(6, 'AL', 6, 3);
insert into ArmorDBModTable(id, law, at, mod) values(7, 'AL', 7, 7);
insert into ArmorDBModTable(id, law, at, mod) values(8, 'AL', 8, 12);
insert into ArmorDBModTable(id, law, at, mod) values(9, 'AL', 9, 5);
insert into ArmorDBModTable(id, law, at, mod) values(10, 'AL', 10, 13);
insert into ArmorDBModTable(id, law, at, mod) values(11, 'AL', 11, 18);
insert into ArmorDBModTable(id, law, at, mod) values(12, 'AL', 12, 22);
insert into ArmorDBModTable(id, law, at, mod) values(13, 'AL', 13, 15);
insert into ArmorDBModTable(id, law, at, mod) values(14, 'AL', 14, 25);
insert into ArmorDBModTable(id, law, at, mod) values(15, 'AL', 15, 30);
insert into ArmorDBModTable(id, law, at, mod) values(16, 'AL', 16, 35);
insert into ArmorDBModTable(id, law, at, mod) values(17, 'AL', 17, 26);
insert into ArmorDBModTable(id, law, at, mod) values(18, 'AL', 18, 35);
insert into ArmorDBModTable(id, law, at, mod) values(19, 'AL', 19, 45);
insert into ArmorDBModTable(id, law, at, mod) values(20, 'AL', 20, 50);
insert into ArmorDBModTable(id, law, at, mod) values(21, 'SL', 1, 2);
insert into ArmorDBModTable(id, law, at, mod) values(22, 'SL', 2, 0);
insert into ArmorDBModTable(id, law, at, mod) values(23, 'SL', 3, 12);
insert into ArmorDBModTable(id, law, at, mod) values(24, 'SL', 4, 16);
insert into ArmorDBModTable(id, law, at, mod) values(25, 'SL', 5, 11);
insert into ArmorDBModTable(id, law, at, mod) values(26, 'SL', 6, 16);
insert into ArmorDBModTable(id, law, at, mod) values(27, 'SL', 7, 21);
insert into ArmorDBModTable(id, law, at, mod) values(28, 'SL', 8, 19);
insert into ArmorDBModTable(id, law, at, mod) values(29, 'SL', 9, 12);
insert into ArmorDBModTable(id, law, at, mod) values(30, 'SL', 10, 19);
insert into ArmorDBModTable(id, law, at, mod) values(31, 'SL', 11, 24);
insert into ArmorDBModTable(id, law, at, mod) values(32, 'SL', 12, 29);
insert into ArmorDBModTable(id, law, at, mod) values(33, 'SL', 13, 13);
insert into ArmorDBModTable(id, law, at, mod) values(34, 'SL', 14, 16);
insert into ArmorDBModTable(id, law, at, mod) values(35, 'SL', 15, 23);
insert into ArmorDBModTable(id, law, at, mod) values(36, 'SL', 16, 24);
insert into ArmorDBModTable(id, law, at, mod) values(37, 'SL', 17, 12);
insert into ArmorDBModTable(id, law, at, mod) values(38, 'SL', 18, 15);
insert into ArmorDBModTable(id, law, at, mod) values(39, 'SL', 19, 23);
insert into ArmorDBModTable(id, law, at, mod) values(40, 'SL', 20, 28);
insert into ArmorDBModTable(id, law, at, mod) values(41, 'CL', 1, 0);
insert into ArmorDBModTable(id, law, at, mod) values(42, 'CL', 2, 4);
insert into ArmorDBModTable(id, law, at, mod) values(43, 'CL', 3, 16);
insert into ArmorDBModTable(id, law, at, mod) values(44, 'CL', 4, 25);
insert into ArmorDBModTable(id, law, at, mod) values(45, 'CL', 5, 11);
insert into ArmorDBModTable(id, law, at, mod) values(46, 'CL', 6, 15);
insert into ArmorDBModTable(id, law, at, mod) values(47, 'CL', 7, 22);
insert into ArmorDBModTable(id, law, at, mod) values(48, 'CL', 8, 24);
insert into ArmorDBModTable(id, law, at, mod) values(49, 'CL', 9, 22);
insert into ArmorDBModTable(id, law, at, mod) values(50, 'CL', 10, 30);
insert into ArmorDBModTable(id, law, at, mod) values(51, 'CL', 11, 37);
insert into ArmorDBModTable(id, law, at, mod) values(52, 'CL', 12, 44);
insert into ArmorDBModTable(id, law, at, mod) values(53, 'CL', 13, 23);
insert into ArmorDBModTable(id, law, at, mod) values(54, 'CL', 14, 31);
insert into ArmorDBModTable(id, law, at, mod) values(55, 'CL', 15, 37);
insert into ArmorDBModTable(id, law, at, mod) values(56, 'CL', 16, 38);
insert into ArmorDBModTable(id, law, at, mod) values(57, 'CL', 17, 29);
insert into ArmorDBModTable(id, law, at, mod) values(58, 'CL', 18, 36);
insert into ArmorDBModTable(id, law, at, mod) values(59, 'CL', 19, 41);
insert into ArmorDBModTable(id, law, at, mod) values(60, 'CL', 20, 48);
insert into ArmorDBModTable(id, law, at, mod) values(61, 'RSL', 1, 13);
insert into ArmorDBModTable(id, law, at, mod) values(62, 'RSL', 2, 3);
insert into ArmorDBModTable(id, law, at, mod) values(63, 'RSL', 3, 18);
insert into ArmorDBModTable(id, law, at, mod) values(64, 'RSL', 4, 25);
insert into ArmorDBModTable(id, law, at, mod) values(65, 'RSL', 5, 18);
insert into ArmorDBModTable(id, law, at, mod) values(66, 'RSL', 6, 17);
insert into ArmorDBModTable(id, law, at, mod) values(67, 'RSL', 7, 17);
insert into ArmorDBModTable(id, law, at, mod) values(68, 'RSL', 8, 15);
insert into ArmorDBModTable(id, law, at, mod) values(69, 'RSL', 9, 22);
insert into ArmorDBModTable(id, law, at, mod) values(70, 'RSL', 10, 27);
insert into ArmorDBModTable(id, law, at, mod) values(71, 'RSL', 11, 28);
insert into ArmorDBModTable(id, law, at, mod) values(72, 'RSL', 12, 25);
insert into ArmorDBModTable(id, law, at, mod) values(73, 'RSL', 13, 20);
insert into ArmorDBModTable(id, law, at, mod) values(74, 'RSL', 14, 15);
insert into ArmorDBModTable(id, law, at, mod) values(75, 'RSL', 15, 10);
insert into ArmorDBModTable(id, law, at, mod) values(76, 'RSL', 16, 7);
insert into ArmorDBModTable(id, law, at, mod) values(77, 'RSL', 17, 17);
insert into ArmorDBModTable(id, law, at, mod) values(78, 'RSL', 18, 12);
insert into ArmorDBModTable(id, law, at, mod) values(79, 'RSL', 19, 5);
insert into ArmorDBModTable(id, law, at, mod) values(80, 'RSL', 20, 0);
insert into ArmorDBModTable(id, law, at, mod) values(81, 'RCL', 1, 38);
insert into ArmorDBModTable(id, law, at, mod) values(82, 'RCL', 2, 25);
insert into ArmorDBModTable(id, law, at, mod) values(83, 'RCL', 3, 33);
insert into ArmorDBModTable(id, law, at, mod) values(84, 'RCL', 4, 29);
insert into ArmorDBModTable(id, law, at, mod) values(85, 'RCL', 5, 29);
insert into ArmorDBModTable(id, law, at, mod) values(86, 'RCL', 6, 23);
insert into ArmorDBModTable(id, law, at, mod) values(87, 'RCL', 7, 15);
insert into ArmorDBModTable(id, law, at, mod) values(88, 'RCL', 8, 10);
insert into ArmorDBModTable(id, law, at, mod) values(89, 'RCL', 9, 21);
insert into ArmorDBModTable(id, law, at, mod) values(90, 'RCL', 10, 18);
insert into ArmorDBModTable(id, law, at, mod) values(91, 'RCL', 11, 12);
insert into ArmorDBModTable(id, law, at, mod) values(92, 'RCL', 12, 8);
insert into ArmorDBModTable(id, law, at, mod) values(93, 'RCL', 13, 17);
insert into ArmorDBModTable(id, law, at, mod) values(94, 'RCL', 14, 14);
insert into ArmorDBModTable(id, law, at, mod) values(95, 'RCL', 15, 7);
insert into ArmorDBModTable(id, law, at, mod) values(96, 'RCL', 16, 4);
insert into ArmorDBModTable(id, law, at, mod) values(97, 'RCL', 17, 11);
insert into ArmorDBModTable(id, law, at, mod) values(98, 'RCL', 18, 8);
insert into ArmorDBModTable(id, law, at, mod) values(99, 'RCL', 19, 4);
insert into ArmorDBModTable(id, law, at, mod) values(100, 'RCL', 20, 0);
